1583433000	9110	9124	9104	9121.5	14530478
1583433300	9121.5	9124	9121.5	9122.5	2133572
1583433600	9122.5	9134	9122	9131.5	8823324
1583433900	9131.5	9132.5	9126	9131.5	6789993
1583434200	9131.5	9131.5	9122.5	9122.5	4427863
1583434500	9122.5	9128.5	9121	9128	2478162
1583434800	9128	9128	9123.5	9123.5	1606291
1583435100	9123.5	9124	9121	9121.5	1783063
1583435400	9121.5	9121.5	9114.5	9114.5	2258966
1583435700	9114.5	9118	9114.5	9118	3201844
1583436000	9118	9118	9113.5	9113.5	2046951
1583436300	9113.5	9118	9111.5	9117.5	3239187
1583436600	9117.5	9118	9117.5	9117.5	1040122
1583436900	9117.5	9118	9117.5	9118	619360
1583437200	9118	9139	9117.5	9139	7379528
1583437500	9139	9139	9132	9138.5	5058154
1583437800	9138.5	9138.5	9133	9134	1767106
1583438100	9134	9170	9133.5	9170	37825121
1583438400	9170	9171	9130	9130	25579406
1583438700	9130	9130.5	9117.5	9127.5	16672870
1583439000	9127.5	9128	9112	9112.5	13973284
1583439300	9112.5	9113	9101.5	9109	11413861
1583439600	9109	9109.5	9103	9109	3619528
1583439900	9109	9111	9108.5	9111	2010559
1583440200	9111	9119.5	9110	9110	6426919
1583440500	9110	9110.5	9090.5	9105	11038886
1583440800	9105	9105	9100	9100	3768696
1583441100	9100	9113.5	9095	9112.5	7590648
1583441400	9112.5	9113	9111	9111.5	4049402
1583441700	9111.5	9126.5	9111	9126	4409592
1583442000	9126	9130	9126	9130	4064080
1583442300	9130	9137.5	9129.5	9137.5	3913019
1583442600	9137.5	9138	9128	9129	8381270
1583442900	9129	9150	9128.5	9145	9813980
1583443200	9145	9145.5	9132.5	9133	7880621
1583443500	9133	9137.5	9132.5	9137.5	1180873
1583443800	9137.5	9137.5	9128	9128	2046492
1583444100	9128	9132	9127	9131.5	1520710
1583444400	9131.5	9132.5	9123.5	9123.5	2520096
1583444700	9123.5	9125.5	9110	9114	8930024
1583445000	9114	9122.5	9113.5	9122.5	3012687
1583445300	9122.5	9122.5	9121.5	9121.5	883971
1583445600	9121.5	9121.5	9108	9108.5	5338253
1583445900	9108.5	9109	9108	9109	1663300
1583446200	9109	9109	9099.5	9104.5	8518111
1583446500	9104.5	9118	9104.5	9117.5	5787726
1583446800	9117.5	9118	9111.5	9111.5	1772821
1583447100	9111.5	9122	9111.5	9121	4106078
1583447400	9121	9132	9120.5	9124	4748165
1583447700	9124	9124	9113.5	9114	1396720
1583448000	9114	9114	9108	9112	3485538
1583448300	9112	9112	9103	9103.5	2494202
1583448600	9103.5	9109	9103	9106	6664578
1583448900	9106	9106.5	9082	9082.5	15660559
1583449200	9082.5	9082.5	9068	9071	13286774
1583449500	9071	9076.5	9063.5	9076	9248563
1583449800	9076	9076.5	9063.5	9064	8346968
1583450100	9064	9074.5	9060	9070	8006679
1583450400	9070	9073.5	9063	9069.5	8370954
1583450700	9069.5	9076.5	9069	9074	2389680
1583451000	9074	9087.5	9068	9087.5	9523014
1583451300	9087.5	9089	9060.5	9061	6382152
1583451600	9061	9062.5	9054.5	9062.5	11103903
1583451900	9062.5	9067	9053.5	9053.5	4392729
1583452200	9053.5	9055.5	9053	9055.5	4565469
1583452500	9055.5	9071	9055	9070.5	4098466
1583452800	9070.5	9076.5	9054.5	9075	12032748
1583453100	9075	9075.5	9071.5	9071.5	6312545
1583453400	9071.5	9073.5	9064	9064.5	4506064
1583453700	9064.5	9064.5	9062	9062.5	1813014
1583454000	9062.5	9077	9062	9077	6550725
1583454300	9077	9077	9069.5	9075.5	4323577
1583454600	9075.5	9076	9057.5	9058	6319241
1583454900	9058	9058	9052	9053.5	4284597
1583455200	9053.5	9054	9052	9052	1560875
1583455500	9052	9052.5	9023.5	9042.5	32165231
1583455800	9042.5	9043	9001	9001.5	21600106
1583456100	9001.5	9020	9001	9005.5	20475540
1583456400	9005.5	9027	9001	9026.5	11838606
1583456700	9026.5	9027.5	9017	9017.5	7269397
1583457000	9017.5	9028.5	9017	9028.5	4078852
1583457300	9028.5	9029	9021.5	9021.5	7363251
1583457600	9021.5	9028	9021.5	9027.5	2773557
1583457900	9027.5	9034	9025	9033.5	4616847
1583458200	9033.5	9041.5	9034	9041.5	5179346
1583458500	9041.5	9041.5	9038.5	9039	3933455
1583458800	9039	9039	9038.5	9039	1469937
1583459100	9039	9039	9032	9032	2588365
1583459400	9032	9032.5	9021.5	9022	3253723
1583459700	9022	9028	9021.5	9028	2497110
1583460000	9028	9043	9027.5	9041.5	5473174
1583460300	9041.5	9041.5	9039	9039.5	3529940
1583460600	9039.5	9044	9038	9043.5	1884357
1583460900	9043.5	9066	9043.5	9061.5	15683150
1583461200	9061.5	9062.5	9055	9055.5	3979790
1583461500	9055.5	9066	9055	9066	4339994
1583461800	9066	9090	9065.5	9072.5	14122366
1583462100	9072.5	9087	9072.5	9086.5	8614871
1583462400	9086.5	9087	9079.5	9080	1898564
1583462700	9080	9080	9074.5	9075	2427821
1583463000	9075	9075	9067	9067	2707701
1583463300	9067	9070	9067	9067.5	2768138
1583463600	9067.5	9068	9057.5	9063.5	4155277
1583463900	9063.5	9074	9063	9073.5	1838989
1583464200	9073.5	9074	9070	9072	2102905
1583464500	9072	9075	9071.5	9075	1703185
1583464800	9075	9075	9063	9063	3000298
1583465100	9063	9068	9063	9067.5	1168100
1583465400	9067.5	9070.5	9067.5	9070.5	1881790
1583465700	9070.5	9070.5	9069	9070.5	1842444
1583466000	9070.5	9070.5	9065.5	9065.5	2417656
1583466300	9065.5	9066	9054	9054	3406161
1583466600	9054	9055	9048.5	9055	5141142
1583466900	9055	9057.5	9048.5	9049	4038416
1583467200	9049	9056	9048.5	9055.5	3453311
1583467500	9055.5	9058.5	9055.5	9058.5	1191095
1583467800	9058.5	9071.5	9058	9071	3163975
1583468100	9071	9071.5	9060	9060	2053498
1583468400	9060	9060.5	9054	9054	1640065
1583468700	9054	9058.5	9040.5	9041	8987298
1583469000	9041	9041	9036.5	9041	3852144
1583469300	9041	9041	9026	9032.5	7159675
1583469600	9032.5	9044	9032.5	9044	3788952
1583469900	9044	9057	9043.5	9057	6037901
1583470200	9057	9066.5	9056.5	9066	6863131
1583470500	9066	9066.5	9060	9060.5	2653979
1583470800	9060.5	9069.5	9060	9069	4215703
1583471100	9069	9079.5	9057	9071.5	12479964
1583471400	9071.5	9082.5	9071	9082.5	6445968
1583471700	9082.5	9100	9082.5	9097.5	14866454
1583472000	9097.5	9105	9094.5	9100	8845338
1583472300	9100	9100.5	9092.5	9100	7547461
1583472600	9100	9118	9099.5	9113	14552279
1583472900	9113	9119	9113	9119	3662802
1583473200	9119	9123	9117.5	9119.5	9674542
1583473500	9119.5	9123.5	9113	9113	7895940
1583473800	9113	9118	9111	9118	3597011
1583474100	9118	9129	9117.5	9125	6947175
1583474400	9125	9128.5	9115	9115	8410350
1583474700	9115	9120.5	9113.5	9120.5	3676258
1583475000	9120.5	9129	9117.5	9129	6234726
1583475300	9129	9134.5	9128.5	9131	5348278
1583475600	9131	9131	9118.5	9119.5	6090091
1583475900	9119.5	9120	9115.5	9117.5	3442476
1583476200	9117.5	9117.5	9115	9115	4329953
1583476500	9115	9127.5	9108	9122	11741264
1583476800	9122	9122.5	9114	9114.5	4265136
1583477100	9114.5	9115	9108	9111	4081239
1583477400	9111	9120	9110	9119.5	2574871
1583477700	9119.5	9120.5	9111	9111	2998447
1583478000	9111	9118	9111	9118	4627953
1583478300	9118	9128	9117.5	9127.5	4329755
1583478600	9127.5	9128	9123	9123	2525925
1583478900	9123	9123.5	9116	9116	3137145
1583479200	9116	9120.5	9115	9120	2383648
1583479500	9120	9126.5	9120	9124	5111918
1583479800	9124	9148	9123.5	9140	16402591
1583480100	9140	9145	9119	9120	8926387
1583480400	9120	9120.5	9105.5	9106	13837468
1583480700	9106	9111	9105.5	9108.5	6022170
1583481000	9108.5	9113.5	9107	9108	8831453
1583481300	9108	9118	9107.5	9111	11307385
1583481600	9111	9125	9111	9124.5	6770101
1583481900	9124.5	9127	9117.5	9117.5	5633589
1583482200	9117.5	9117.5	9103	9105.5	6529408
1583482500	9105.5	9106	9090	9095	13950151
1583482800	9095	9102	9095	9102	3794457
1583483100	9102	9102	9098.5	9098.5	3039268
1583483400	9098.5	9106	9099	9102	5222216
1583483700	9102	9102.5	9097	9099.5	3651798
1583484000	9099.5	9105	9099.5	9105	2751716
1583484300	9105	9117	9104.5	9117	4388722
1583484600	9117	9125	9116.5	9119.5	5797455
1583484900	9119.5	9122	9114.5	9122	2157054
1583485200	9122	9137.5	9122	9137	16587719
1583485500	9137	9137.5	9128.5	9128.5	8739725
1583485800	9128.5	9135	9126	9126.5	6660087
1583486100	9126.5	9128	9125	9125	2917443
1583486400	9125	9125.5	9121	9124.5	2136366
1583486700	9124.5	9125	9114	9114.5	3835310
1583487000	9114.5	9128	9114	9128	2627235
1583487300	9128	9128	9127.5	9127.5	3986142
1583487600	9127.5	9128	9121	9125	2701632
1583487900	9125	9137.5	9124.5	9135	9125972
1583488200	9135	9135.5	9133	9133	1996797
1583488500	9133	9134	9124.5	9127	9313842
1583488800	9127	9127	9116	9117.5	5699113
1583489100	9117.5	9119.5	9115	9118.5	3785331
1583489400	9118.5	9119	9115.5	9116	5117578
1583489700	9116	9119	9114.5	9119	2244016
1583490000	9119	9119	9117	9117	1454328
1583490300	9117	9121	9113	9121	6625214
1583490600	9121	9134	9121	9131	6307451
1583490900	9131	9137	9131	9135	6741869
1583491200	9135	9163	9134.5	9151	29534313
1583491500	9151	9155.5	9147.5	9147.5	7994014
1583491800	9147.5	9156	9147.5	9155.5	5570636
1583492100	9155.5	9165	9155	9160	13907577
1583492400	9160	9173.5	9160	9169	19416722
1583492700	9169	9169.5	9150	9151.5	13578291
1583493000	9151.5	9170	9151.5	9162.5	9728142
1583493300	9162.5	9163	9139.5	9142	8677537
1583493600	9142	9149.5	9139.5	9140	7208489
1583493900	9140	9156.5	9140	9151.5	4498897
1583494200	9151.5	9163	9151.5	9154.5	5860265
1583494500	9154.5	9155.5	9151	9155	3881144
1583494800	9155	9165	9155	9157.5	8517798
1583495100	9157.5	9165	9157.5	9162.5	4920983
1583495400	9162.5	9172	9162	9172	3868762
1583495700	9172	9180	9142	9143.5	27736020
1583496000	9143.5	9143.5	9123	9129	23480828
1583496300	9129	9136.5	9126.5	9136.5	6750825
1583496600	9136.5	9136.5	9135.5	9135.5	5043676
1583496900	9135.5	9136	9127.5	9129	13876676
1583497200	9129	9132.5	9115	9116	15237088
1583497500	9116	9122	9110	9117	12673057
1583497800	9117	9128.5	9115.5	9115.5	10751352
1583498100	9115.5	9116	9113.5	9115	5045171
1583498400	9115	9121	9115	9121	2519361
1583498700	9121	9121	9117.5	9117.5	2605038
1583499000	9117.5	9129	9115.5	9128.5	7586996
1583499300	9128.5	9129	9127	9127	1943268
1583499600	9127	9137	9127	9132.5	5633849
1583499900	9132.5	9133	9118	9118.5	4782035
1583500200	9118.5	9118.5	9110	9113	6868959
1583500500	9113	9119	9112.5	9113	4756186
1583500800	9113	9113	9100.5	9111	11339373
1583501100	9111	9119	9110.5	9119	2516344
1583501400	9119	9123	9112.5	9122.5	5695375
1583501700	9122.5	9123	9112.5	9112.5	2000581
1583502000	9112.5	9113	9108	9108.5	1619602
1583502300	9108.5	9109	9108.5	9108.5	1308898
1583502600	9108.5	9109	9081.5	9089	18383965
1583502900	9089	9094	9062.5	9079	40229102
1583503200	9079	9085	9069.5	9084	10797919
1583503500	9084	9085	9076	9076	9009862
1583503800	9076	9080	9075.5	9080	3602759
1583504100	9080	9091	9079.5	9090.5	4500823
1583504400	9090.5	9092.5	9090.5	9092.5	3080345
1583504700	9092.5	9109	9089.5	9109	9312890
1583505000	9109	9112.5	9108.5	9112.5	9555004
1583505300	9112.5	9113	9104	9104	6318120
1583505600	9104	9104.5	9090	9091	6136745
1583505900	9091	9091	9071.5	9072	12716100
1583506200	9072	9076.5	9067	9075.5	10775333
1583506500	9075.5	9086	9075.5	9086	3756646
1583506800	9086	9097.5	9085.5	9097	5410461
1583507100	9097	9098	9097	9098	1205894
1583507400	9098	9098	9085.5	9086	4487944
1583507700	9086	9088.5	9080	9080	4462172
1583508000	9080	9080.5	9076.5	9077	3425667
1583508300	9077	9079	9073.5	9074	5373634
1583508600	9074	9074	9061	9073.5	14095927
1583508900	9073.5	9073.5	9064.5	9064.5	5955486
1583509200	9064.5	9074	9061.5	9073	12331255
1583509500	9073	9073.5	9050	9050	16422939
1583509800	9050	9060	9045.5	9049	13449333
1583510100	9049	9053.5	9035.5	9036	20138143
1583510400	9036	9059.5	9035	9057	14530267
1583510700	9057	9057.5	9047.5	9053.5	4403707
1583511000	9053.5	9063	9053	9062.5	6470894
1583511300	9062.5	9078	9062	9067	18333147
1583511600	9067	9067.5	9063	9066	4285593
1583511900	9066	9069.5	9063	9067	2633259
1583512200	9067	9088.5	9067	9087	12577854
1583512500	9087	9087	9079.5	9079.5	2533426
1583512800	9079.5	9080	9072	9072	3908785
1583513100	9072	9072.5	9058	9058.5	5740757
1583513400	9058.5	9068	9058	9067.5	3821349
1583513700	9067.5	9080	9067.5	9075.5	3811243
1583514000	9075.5	9076	9075.5	9075.5	1470746
1583514300	9075.5	9082.5	9075.5	9082.5	5912421
1583514600	9082.5	9082.5	9081	9081.5	2069885
1583514900	9081.5	9085	9079	9085	4546957
1583515200	9085	9095	9085	9094.5	6838090
1583515500	9094.5	9095.5	9088	9095.5	5771113
1583515800	9095.5	9095.5	9089.5	9089.5	3818042
1583516100	9089.5	9091.5	9083	9083	4981741
1583516400	9083	9088	9083	9088	1493420
1583516700	9088	9090.5	9083	9083	2897233
1583517000	9083	9091	9083	9091	3429004
1583517300	9091	9096	9090.5	9095.5	3353156
1583517600	9095.5	9096.5	9090.5	9091	3891204
1583517900	9091	9096	9091	9096	2634818
1583518200	9096	9097.5	9095.5	9097	1603927
1583518500	9097	9097.5	9089	9089	3045387
1583518800	9089	9089.5	9085	9085.5	2213687
1583519100	9085.5	9085.5	9083	9083	1857849
1583519400	9083	9088.5	9083	9088.5	2538633
1583519700	9088.5	9088.5	9088	9088.5	512445
1583520000	9088.5	9090	9088	9090	832856
1583520300	9090	9096.5	9089.5	9096.5	1510678
1583520600	9096.5	9097	9092.5	9092.5	2400502
1583520900	9092.5	9093	9089	9089	1000190
1583521200	9089	9093	9088	9093	2386297
1583521500	9093	9093	9088	9088.5	1466731
1583521800	9088.5	9088.5	9085	9085	1801688
1583522100	9085	9091	9085	9090.5	1357037
1583522400	9090.5	9095.5	9090.5	9095	1610604
1583522700	9095	9108	9095	9107.5	5556366
1583523000	9107.5	9110.5	9107.5	9110.5	3804276
1583523300	9110.5	9110.5	9110	9110	4128459
1583523600	9110	9119	9110	9116	7806684
1583523900	9116	9116	9113	9113	3410748
1583524200	9113	9113.5	9112	9112	2025071
1583524500	9112	9112.5	9104	9104	3663761
1583524800	9104	9116	9104	9114.5	5974942
1583525100	9114.5	9120	9114.5	9120	7301704
1583525400	9120	9122	9120	9120.5	2466709
1583525700	9120.5	9128	9120	9128	6607381
1583526000	9128	9128	9123	9123.5	2377647
1583526300	9123.5	9123.5	9121	9121	2416606
1583526600	9121	9125	9121	9125	4022840
1583526900	9125	9125	9124.5	9125	673780
1583527200	9125	9125	9124.5	9124.5	1378062
1583527500	9124.5	9125	9112.5	9112.5	6363844
1583527800	9112.5	9113	9110	9112	3619639
1583528100	9112	9120.5	9111.5	9120	7176232
1583528400	9120	9128	9120	9128	6148762
1583528700	9128	9130	9128	9130	3597143
1583529000	9130	9130	9129.5	9129.5	1149601
1583529300	9129.5	9130	9129.5	9129.5	2643184
1583529600	9129.5	9130	9129.5	9130	688423
1583529900	9130	9138	9129.5	9138	3989549
1583530200	9138	9138	9137.5	9138	2008278
1583530500	9138	9138	9137.5	9137.5	1466028
1583530800	9137.5	9138	9124.5	9124.5	7510337
1583531100	9124.5	9125	9124.5	9124.5	1305863
1583531400	9124.5	9138	9124.5	9137.5	3898187
1583531700	9137.5	9138	9137.5	9137.5	326347
1583532000	9137.5	9138	9137.5	9137.5	1761117
1583532300	9137.5	9138	9131	9132	3026253
1583532600	9132	9132	9124	9124	3963294
1583532900	9124	9124.5	9091.5	9091.5	15076375
1583533200	9091.5	9104	9083	9104	13886399
1583533500	9104	9104	9090	9090.5	4454260
1583533800	9090.5	9099	9090	9098.5	2203808
1583534100	9098.5	9099	9095	9095	2910694
1583534400	9095	9117	9095	9117	7036169
1583534700	9117	9123	9117	9121.5	9117370
1583535000	9121.5	9124.5	9120	9124.5	5219920
1583535300	9124.5	9129	9123.5	9129	6155127
1583535600	9129	9129	9128.5	9128.5	1803406
1583535900	9128.5	9135	9128.5	9135	3761896
1583536200	9135	9142.5	9134.5	9142	8052160
1583536500	9142	9157	9142	9154.5	14779557
1583536800	9154.5	9155	9154.5	9155	2600855
1583537100	9155	9155	9120.5	9126.5	14919578
1583537400	9126.5	9154	9126	9152.5	8655062
1583537700	9152.5	9153	9142.5	9142.5	5752965
1583538000	9142.5	9150	9142.5	9150	4138848
1583538300	9150	9154.5	9139	9154.5	5867485
1583538600	9154.5	9154.5	9146.5	9147.5	3841388
1583538900	9147.5	9160.5	9144.5	9158.5	7627660
1583539200	9158.5	9160.5	9143	9143	10091809
1583539500	9143	9143.5	9125.5	9137	9219055
1583539800	9137	9138.5	9132.5	9132.5	3360494
1583540100	9132.5	9134	9125.5	9134	3275989
1583540400	9134	9135.5	9133.5	9135.5	3297745
1583540700	9135.5	9138	9135	9138	1912967
1583541000	9138	9139	9138	9139	3059080
1583541300	9139	9143	9138.5	9142.5	1606780
1583541600	9142.5	9159	9142.5	9159	4282271
1583541900	9159	9169	9151.5	9167	14416926
1583542200	9167	9173.5	9151.5	9153.5	17264389
1583542500	9153.5	9157	9144.5	9144.5	7560178
1583542800	9144.5	9147	9124.5	9130	12347539
1583543100	9130	9135	9130	9134.5	4120339
1583543400	9134.5	9136.5	9134.5	9136.5	2876382
1583543700	9136.5	9136.5	9127	9127	7193152
1583544000	9127	9127.5	9121	9121	5148881
1583544300	9121	9133	9120.5	9128.5	8319357
1583544600	9128.5	9129	9128.5	9129	1586331
1583544900	9129	9129	9121.5	9125	1722354
1583545200	9125	9125.5	9123	9123.5	1825393
1583545500	9123.5	9123.5	9107	9107	10961901
1583545800	9107	9110	9107	9109.5	3249057
1583546100	9109.5	9114.5	9107	9114.5	4176586
1583546400	9114.5	9114.5	9114	9114	844372
1583546700	9114	9129	9114	9128.5	4914960
1583547000	9128.5	9129	9121.5	9121.5	4697868
1583547300	9121.5	9122	9117	9117.5	2080153
1583547600	9117.5	9117.5	9112.5	9112.5	3181560
1583547900	9112.5	9113	9105	9105.5	4390681
1583548200	9105.5	9110.5	9105	9110	3999496
1583548500	9110	9113.5	9109.5	9109.5	2217981
1583548800	9109.5	9116.5	9109.5	9116.5	2553844
1583549100	9116.5	9117	9116	9116.5	801100
1583549400	9116.5	9117	9111	9111	2060597
1583549700	9111	9118.5	9110.5	9118.5	3909996
1583550000	9118.5	9118.5	9116.5	9116.5	1282094
1583550300	9116.5	9117	9110	9111	1837887
1583550600	9111	9115.5	9111	9115	1284129
1583550900	9115	9115.5	9115	9115.5	611234
1583551200	9115.5	9115.5	9115	9115.5	99026
1583551500	9115.5	9133	9115	9132.5	7083996
1583551800	9132.5	9135	9133	9135	3520441
1583552100	9135	9135	9123	9123.5	2594057
1583552400	9123.5	9123.5	9123	9123.5	242624
1583552700	9123.5	9123.5	9115	9115	3468897
1583553000	9115	9115.5	9113.5	9113.5	1359059
1583553300	9113.5	9114	9113.5	9113.5	1600163
1583553600	9113.5	9127	9112.5	9127	6223913
1583553900	9127	9127	9122.5	9122.5	2789653
1583554200	9122.5	9123	9112	9112.5	3107209
1583554500	9112.5	9112.5	9112	9112	319688
1583554800	9112	9112.5	9112	9112	1101166
1583555100	9112	9112.5	9107	9107	3355035
1583555400	9107	9108	9106.5	9108	3071560
1583555700	9108	9108	9086	9092.5	15045358
1583556000	9092.5	9093	9085	9092.5	10178458
1583556300	9092.5	9094.5	9092	9092	2758336
1583556600	9092	9096.5	9092	9096	4458373
1583556900	9096	9101.5	9096	9098	3719861
1583557200	9098	9098.5	9087.5	9089.5	5466405
1583557500	9089.5	9091	9088	9091	4587145
1583557800	9091	9091	9090.5	9090.5	1184916
1583558100	9090.5	9091	9088	9090	4048217
1583558400	9090	9100	9089.5	9099.5	4151802
1583558700	9099.5	9104	9095	9095.5	3473680
1583559000	9095.5	9100.5	9092	9100.5	2805502
1583559300	9100.5	9101	9088.5	9089	4740522
1583559600	9089	9100.5	9088.5	9100.5	1102548
1583559900	9100.5	9100.5	9097	9097	1139925
1583560200	9097	9104.5	9097	9104.5	3135232
1583560500	9104.5	9104.5	9104	9104.5	817798
1583560800	9104.5	9107	9104	9107	2949544
1583561100	9107	9109.5	9106.5	9106.5	2004237
1583561400	9106.5	9107	9106.5	9106.5	1143094
1583561700	9106.5	9107	9106.5	9106.5	1731583
1583562000	9106.5	9112.5	9106.5	9111	3109138
1583562300	9111	9111	9107	9107.5	1661703
1583562600	9107.5	9115	9107	9108.5	3733608
1583562900	9108.5	9108.5	9102	9106	2731942
1583563200	9106	9106	9101	9105	2464810
1583563500	9105	9105	9097	9098	5479053
1583563800	9098	9098	9097.5	9098	2483740
1583564100	9098	9098	9096	9096	1913881
1583564400	9096	9096.5	9085	9095.5	7858109
1583564700	9095.5	9095.5	9088.5	9088.5	3022366
1583565000	9088.5	9089	9064	9072	31507294
1583565300	9072	9076.5	9072	9076.5	3810017
1583565600	9076.5	9077.5	9076	9077	1432220
1583565900	9077	9101	9077	9101	11730516
1583566200	9101	9103	9100.5	9101	3408891
1583566500	9101	9101.5	9096	9096	2036801
1583566800	9096	9096.5	9096	9096	928839
1583567100	9096	9109	9096	9106.5	10463172
1583567400	9106.5	9106.5	9106	9106	1189576
1583567700	9106	9116	9106	9108.5	9414379
1583568000	9108.5	9111.5	9103	9109.5	9799678
1583568300	9109.5	9116	9109	9114	5084269
1583568600	9114	9122.5	9114	9120.5	7187214
1583568900	9120.5	9122.5	9120	9122.5	1835964
1583569200	9122.5	9125	9122	9125	3890713
1583569500	9125	9125	9120	9125	3773077
1583569800	9125	9125	9122	9122	2548789
1583570100	9122	9122.5	9115	9115.5	2212352
1583570400	9115.5	9122.5	9115	9122	4456492
1583570700	9122	9125.5	9122	9125.5	3453850
1583571000	9125.5	9132	9125.5	9131.5	6851066
1583571300	9131.5	9132	9126.5	9127	2790437
1583571600	9127	9127	9126.5	9127	1536652
1583571900	9127	9127	9119	9119	3290317
1583572200	9119	9119.5	9118.5	9119	786852
1583572500	9119	9119	9118.5	9119	829540
1583572800	9119	9123	9118.5	9122.5	4074405
1583573100	9122.5	9123	9122.5	9122.5	712493
1583573400	9122.5	9123	9113.5	9113.5	2598798
1583573700	9113.5	9114	9113.5	9114	1281110
1583574000	9114	9117	9113.5	9117	1503934
1583574300	9117	9127.5	9116.5	9127.5	4511766
1583574600	9127.5	9132	9127	9132	3586061
1583574900	9132	9137	9131.5	9137	4213261
1583575200	9137	9137	9136.5	9137	2280201
1583575500	9137	9137	9128	9129	5285002
1583575800	9129	9132.5	9128.5	9132	979413
1583576100	9132	9132.5	9132	9132.5	1968775
1583576400	9132.5	9132.5	9132	9132.5	413340
1583576700	9132.5	9132.5	9132	9132.5	614593
1583577000	9132.5	9137	9132	9136.5	3141129
1583577300	9136.5	9141	9136.5	9141	4032881
1583577600	9141	9141	9135.5	9135.5	4235291
1583577900	9135.5	9136	9125	9127.5	8117891
1583578200	9127.5	9136.5	9115.5	9116	23752515
1583578500	9116	9116	9115.5	9116	963140
1583578800	9116	9116.5	9115.5	9116.5	2081420
1583579100	9116.5	9116.5	9102	9104	14184091
1583579400	9104	9105	9103.5	9104.5	1776552
1583579700	9104.5	9105	9102	9102.5	6073435
1583580000	9102.5	9102.5	9089.5	9093.5	13637310
1583580300	9093.5	9105.5	9093	9105.5	5597298
1583580600	9105.5	9116.5	9105	9116.5	5035870
1583580900	9116.5	9116.5	9115.5	9116	2040965
1583581200	9116	9120	9115.5	9120	2932353
1583581500	9120	9120	9116	9116.5	2329352
1583581800	9116.5	9116.5	9112.5	9113	1740823
1583582100	9113	9113	9112.5	9113	615573
1583582400	9113	9130.5	9112.5	9130	9849270
1583582700	9130	9130.5	9126	9126	4658667
1583583000	9126	9129	9126	9128.5	2250982
1583583300	9128.5	9132.5	9128.5	9132	3307919
1583583600	9132	9158	9132	9156.5	30964873
1583583900	9156.5	9156.5	9150	9155	7542943
1583584200	9155	9155	9125.5	9128.5	20775581
1583584500	9128.5	9131.5	9128	9131.5	1974626
1583584800	9131.5	9131.5	9111.5	9113.5	13270353
1583585100	9113.5	9122.5	9107	9122.5	13509770
1583585400	9122.5	9122.5	9112.5	9112.5	3896978
1583585700	9112.5	9113	9105	9105	6789909
1583586000	9105	9116	9105	9115.5	4041487
1583586300	9115.5	9116	9113.5	9113.5	2526201
1583586600	9113.5	9123	9113.5	9123	5363040
1583586900	9123	9130	9122.5	9123	5705196
1583587200	9123	9123.5	9119	9119.5	2145843
1583587500	9119.5	9119.5	9110.5	9111	2151423
1583587800	9111	9115.5	9110.5	9115.5	3092121
1583588100	9115.5	9115.5	9106	9106.5	4147368
1583588400	9106.5	9106.5	9091.5	9100	18808899
1583588700	9100	9102	9096.5	9102	6041596
1583589000	9102	9109	9101.5	9108.5	2765450
1583589300	9108.5	9109	9103.5	9104	2541817
1583589600	9104	9114.5	9103.5	9114.5	5566109
1583589900	9114.5	9121.5	9114	9120.5	4169910
1583590200	9120.5	9121	9116.5	9116.5	3134700
1583590500	9116.5	9117	9109	9109	4735334
1583590800	9109	9113.5	9109	9111	1603203
1583591100	9111	9111.5	9107.5	9108	997480
1583591400	9108	9108	9105.5	9105.5	1656361
1583591700	9105.5	9121	9105.5	9116.5	7365108
1583592000	9116.5	9120.5	9116	9120	1277671
1583592300	9120	9120.5	9115.5	9115.5	2295641
1583592600	9115.5	9122.5	9113.5	9122.5	2849828
1583592900	9122.5	9133	9122	9133	7294396
1583593200	9133	9133	9129.5	9130	2577939
1583593500	9130	9134.5	9129.5	9132.5	5889823
1583593800	9132.5	9132.5	9132	9132	976049
1583594100	9132	9132.5	9124.5	9125	3289207
1583594400	9125	9125	9124.5	9125	711496
1583594700	9125	9128.5	9124.5	9128.5	3732882
1583595000	9128.5	9128.5	9126	9126.5	965157
1583595300	9126.5	9126.5	9126	9126.5	1242723
1583595600	9126.5	9126.5	9123	9123.5	2072728
1583595900	9123.5	9125.5	9123	9125.5	1934469
1583596200	9125.5	9130	9125	9129.5	3143892
1583596500	9129.5	9134.5	9129.5	9134	3167597
1583596800	9134	9134.5	9121	9122.5	7500215
1583597100	9122.5	9133	9121	9133	5213397
1583597400	9133	9133	9127.5	9128	2977310
1583597700	9128	9145.5	9127.5	9135	13747811
1583598000	9135	9147.5	9131.5	9131.5	8492855
1583598300	9131.5	9142.5	9131.5	9142.5	3365584
1583598600	9142.5	9149	9142	9148	10155518
1583598900	9148	9224.5	9147.5	9200.5	101478771
1583599200	9200.5	9204	9000	9091.5	194000974
1583599500	9091.5	9108.5	9082.5	9095	28527222
1583599800	9095	9095	9076.5	9076.5	25712337
1583600100	9076.5	9077	9030.5	9050	45218227
1583600400	9050	9050	8916.5	8950	147172117
1583600700	8950	8982.5	8919.5	8968.5	60560644
1583601000	8968.5	8973.5	8959	8973	17369104
1583601300	8973	8980	8953	8955	16686588
1583601600	8955	8967.5	8954.5	8963	9103818
1583601900	8963	8970	8951	8953	14507069
1583602200	8953	8966	8949.5	8966	11870727
1583602500	8966	8969	8957.5	8964	9707364
1583602800	8964	8964	8954	8954.5	7771615
1583603100	8954.5	8954.5	8930	8935	21907185
1583603400	8935	8949	8924.5	8933.5	20749062
1583603700	8933.5	8938	8926	8937.5	12128484
1583604000	8937.5	8938	8851	8884.5	74404648
1583604300	8884.5	8885	8856.5	8862.5	33720008
1583604600	8862.5	8886.5	8862	8874	17788786
1583604900	8874	8893.5	8866	8877.5	14740499
1583605200	8877.5	8889.5	8877	8889	5357201
1583605500	8889	8889.5	8875	8887	7909557
1583605800	8887	8892.5	8877	8892.5	8217321
1583606100	8892.5	8912.5	8887	8891.5	24048186
1583606400	8891.5	8904.5	8887.5	8904.5	5817744
1583606700	8904.5	8904.5	8893	8897.5	12925737
1583607000	8897.5	8897.5	8880	8883	7436322
1583607300	8883	8883.5	8866.5	8880.5	10281167
1583607600	8880.5	8880.5	8860	8872	14125224
1583607900	8872	8880	8871.5	8880	4618405
1583608200	8880	8892.5	8879.5	8887.5	7182445
1583608500	8887.5	8891.5	8887.5	8891.5	1953061
1583608800	8891.5	8899.5	8891.5	8899.5	2423101
1583609100	8899.5	8905	8896	8896.5	3363917
1583609400	8896.5	8896.5	8894	8895	1658089
1583609700	8895	8895	8886.5	8886.5	2183486
1583610000	8886.5	8897	8886.5	8890.5	3572723
1583610300	8890.5	8890.5	8886.5	8887	2180167
1583610600	8887	8890.5	8886.5	8890.5	2887140
1583610900	8890.5	8902	8890	8901.5	3491967
1583611200	8901.5	8902	8863	8874	14261532
1583611500	8874	8884.5	8873.5	8884	5193543
1583611800	8884	8890	8884	8890	1262544
1583612100	8890	8905	8889.5	8904	8044945
1583612400	8904	8904.5	8902	8902.5	2265931
1583612700	8902.5	8904	8898.5	8903.5	3561401
1583613000	8903.5	8904	8901	8902	5760069
1583613300	8902	8902.5	8900	8900	1660797
1583613600	8900	8900.5	8886.5	8887	4783036
1583613900	8887	8893.5	8885	8893	4117898
1583614200	8893	8893.5	8893	8893	2943109
1583614500	8893	8893.5	8893	8893.5	1351365
1583614800	8893.5	8893.5	8881.5	8881.5	3667574
1583615100	8881.5	8889	8881.5	8888.5	2110290
1583615400	8888.5	8889	8888.5	8888.5	893763
1583615700	8888.5	8890	8888.5	8890	1921656
1583616000	8890	8895.5	8889.5	8894	4510596
1583616300	8894	8900	8894	8900	930033
1583616600	8900	8900	8899.5	8900	1015830
1583616900	8900	8900	8899.5	8900	900894
1583617200	8900	8900	8898.5	8898.5	1153281
1583617500	8898.5	8899	8896	8896.5	784757
1583617800	8896.5	8896.5	8885.5	8886	2663265
1583618100	8886	8886.5	8885.5	8886.5	1427728
1583618400	8886.5	8891	8886.5	8891	2236027
1583618700	8891	8896.5	8891	8896	1619550
1583619000	8896	8898	8896	8898	2000935
1583619300	8898	8908	8897.5	8908	5205611
1583619600	8908	8912.5	8907.5	8912.5	5887817
1583619900	8912.5	8913	8909.5	8910	4249959
1583620200	8910	8912.5	8909.5	8912.5	4349702
1583620500	8912.5	8920	8909	8909	8217009
1583620800	8909	8909.5	8907.5	8908	1666564
1583621100	8908	8930	8907.5	8928	14408869
1583621400	8928	8928.5	8924.5	8924.5	2434405
1583621700	8924.5	8925	8916.5	8916.5	3708394
1583622000	8916.5	8917	8908.5	8909	2686643
1583622300	8909	8909	8908.5	8908.5	1205017
1583622600	8908.5	8909	8902	8904.5	3859749
1583622900	8904.5	8904.5	8901.5	8902	2734165
1583623200	8902	8905.5	8900	8905.5	2351744
1583623500	8905.5	8906.5	8905	8906.5	1008928
1583623800	8906.5	8906.5	8906	8906	1778604
1583624100	8906	8906.5	8896	8896	3049574
1583624400	8896	8896.5	8878	8889	17359542
1583624700	8889	8900	8889	8900	4961123
1583625000	8900	8903.5	8899.5	8900	2830891
1583625300	8900	8900	8899.5	8900	1998339
1583625600	8900	8900	8871	8871.5	18366694
1583625900	8871.5	8875.5	8871	8875	4755555
1583626200	8875	8875.5	8865.5	8871	10333849
1583626500	8871	8871	8868	8868	4450264
1583626800	8868	8868.5	8766	8799.5	89680930
1583627100	8799.5	8799.5	8779.5	8788.5	25208720
1583627400	8788.5	8788.5	8726	8765	51245623
1583627700	8765	8774	8758	8762	9708913
1583628000	8762	8768	8746.5	8767.5	15575963
1583628300	8767.5	8780	8767.5	8775.5	12601321
1583628600	8775.5	8784	8775	8784	4591232
1583628900	8784	8796	8783.5	8790.5	10790672
1583629200	8790.5	8791	8777.5	8778	8108164
1583629500	8778	8796	8775.5	8795.5	7712489
1583629800	8795.5	8796	8781	8784	4067845
1583630100	8784	8795	8783.5	8790.5	4302723
1583630400	8790.5	8791	8785.5	8787.5	3057720
1583630700	8787.5	8796	8787.5	8795.5	4842016
1583631000	8795.5	8796	8782	8782	4896460
1583631300	8782	8785.5	8780.5	8785.5	3398447
1583631600	8785.5	8785.5	8784	8784	1731499
1583631900	8784	8784.5	8782	8782	1646549
1583632200	8782	8782.5	8764.5	8766.5	9451844
1583632500	8766.5	8771.5	8764	8771.5	8101065
1583632800	8771.5	8771.5	8768.5	8768.5	6997581
1583633100	8768.5	8775.5	8768.5	8775.5	4312662
1583633400	8775.5	8782.5	8775	8782.5	2021573
1583633700	8782.5	8782.5	8776.5	8781	3963978
1583634000	8781	8781	8771	8771.5	2455457
1583634300	8771.5	8772	8761.5	8765.5	4868792
1583634600	8765.5	8766.5	8765	8766	1101003
1583634900	8766	8766.5	8762	8762.5	2808869
1583635200	8762.5	8762.5	8754	8754.5	9232090
1583635500	8754.5	8757.5	8752.5	8752.5	5606433
1583635800	8752.5	8758.5	8742.5	8746	9490641
1583636100	8746	8746	8733.5	8735.5	17113823
1583636400	8735.5	8763.5	8723.5	8755.5	27606877
1583636700	8755.5	8756	8750	8751	2621442
1583637000	8751	8759	8750.5	8759	3133019
1583637300	8759	8768	8758.5	8768	4020978
1583637600	8768	8768	8760.5	8761	3408672
1583637900	8761	8764	8760	8764	3403126
1583638200	8764	8767.5	8763.5	8767.5	1239164
1583638500	8767.5	8767.5	8767	8767	450380
1583638800	8767	8767.5	8753.5	8753.5	8257008
1583639100	8753.5	8756.5	8753.5	8755	3637774
1583639400	8755	8755.5	8753.5	8755.5	2284330
1583639700	8755.5	8757	8755	8757	2493519
1583640000	8757	8757	8750	8750.5	6256525
1583640300	8750.5	8750.5	8746	8746.5	5993946
1583640600	8746.5	8747	8742.5	8746.5	2573070
1583640900	8746.5	8748.5	8746.5	8748	4054182
1583641200	8748	8755	8747.5	8754.5	2632698
1583641500	8754.5	8757.5	8754.5	8755.5	2058192
1583641800	8755.5	8755.5	8755	8755	521561
1583642100	8755	8755.5	8755	8755	376853
1583642400	8755	8755.5	8755	8755.5	600504
1583642700	8755.5	8755.5	8755	8755	598650
1583643000	8755	8755.5	8755	8755.5	651951
1583643300	8755.5	8760	8752	8752.5	5885940
1583643600	8752.5	8752.5	8747.5	8747.5	4019986
1583643900	8747.5	8748	8744	8744.5	2536044
1583644200	8744.5	8744.5	8735	8735.5	6915762
1583644500	8735.5	8736	8733.5	8735.5	4611028
1583644800	8735.5	8741	8735	8736.5	3951524
1583645100	8736.5	8748	8736	8748	4970498
1583645400	8748	8752.5	8747.5	8752	1895292
1583645700	8752	8753.5	8752	8753.5	826353
1583646000	8753.5	8754.5	8753	8754.5	745859
1583646300	8754.5	8754.5	8754	8754.5	219966
1583646600	8754.5	8754.5	8737.5	8739	8325193
1583646900	8739	8739	8734.5	8735.5	3945025
1583647200	8735.5	8738.5	8735.5	8737	3013815
1583647500	8737	8737.5	8725.5	8729	10163525
1583647800	8729	8736	8726	8734.5	10965967
1583648100	8734.5	8742.5	8734.5	8742.5	2761204
1583648400	8742.5	8743	8742	8743	844045
1583648700	8743	8743	8738.5	8739	1723974
1583649000	8739	8739	8723.5	8728	8066901
1583649300	8728	8732	8713	8731.5	19925429
1583649600	8731.5	8738.5	8731.5	8737	4822244
1583649900	8737	8737.5	8734	8734.5	1808149
1583650200	8734.5	8742.5	8734	8739.5	3742512
1583650500	8739.5	8740	8737.5	8740	2471491
1583650800	8740	8758.5	8739.5	8755	10271729
1583651100	8755	8761	8751.5	8760.5	8338067
1583651400	8760.5	8761	8756.5	8756.5	2574489
1583651700	8756.5	8756.5	8755	8756.5	2036680
1583652000	8756.5	8763.5	8756	8757.5	4892341
1583652300	8757.5	8758	8757.5	8757.5	1051396
1583652600	8757.5	8758	8753.5	8754	2206148
1583652900	8754	8754	8753.5	8754	720554
1583653200	8754	8757.5	8753.5	8757.5	5011527
1583653500	8757.5	8759	8757	8759	1423191
1583653800	8759	8759	8750	8754.5	2860689
1583654100	8754.5	8754.5	8754	8754.5	1133474
1583654400	8754.5	8754.5	8742	8742	9726529
1583654700	8742	8743	8740	8741.5	3850761
1583655000	8741.5	8741.5	8736.5	8738	5388590
1583655300	8738	8738	8737.5	8737.5	1137416
1583655600	8737.5	8740	8737.5	8740	1926215
1583655900	8740	8740	8739.5	8740	1941546
1583656200	8740	8740	8739.5	8739.5	1406207
1583656500	8739.5	8744.5	8739.5	8744.5	4786456
1583656800	8744.5	8744.5	8738.5	8739	2841549
1583657100	8739	8741.5	8738.5	8741.5	1775568
1583657400	8741.5	8742	8741	8741.5	1425579
1583657700	8741.5	8742	8741.5	8741.5	377677
1583658000	8741.5	8747	8741.5	8746.5	2878188
1583658300	8746.5	8748	8746.5	8747.5	955008
1583658600	8747.5	8748	8747.5	8747.5	541936
1583658900	8747.5	8748	8747.5	8747.5	2526559
1583659200	8747.5	8760.5	8747.5	8760	8483482
1583659500	8760	8760.5	8754.5	8754.5	3390010
1583659800	8754.5	8755	8753	8753	3007035
1583660100	8753	8753.5	8747.5	8747.5	1137916
1583660400	8747.5	8748	8744.5	8745	2199238
1583660700	8745	8745	8743.5	8743.5	1556140
1583661000	8743.5	8743.5	8730.5	8734.5	8193391
1583661300	8734.5	8734.5	8728.5	8729	5355941
1583661600	8729	8733.5	8728.5	8733.5	6387102
1583661900	8733.5	8733.5	8728.5	8728.5	2337976
1583662200	8728.5	8729	8688	8699.5	41512528
1583662500	8699.5	8750.5	8699	8736	41668552
1583662800	8736	8742.5	8735.5	8740	11858821
1583663100	8740	8746	8739.5	8740.5	9436638
1583663400	8740.5	8742	8740	8742	6007337
1583663700	8742	8746	8740	8740	4192337
1583664000	8740	8740.5	8740	8740	930088
1583664300	8740	8748	8740	8747.5	4773842
1583664600	8747.5	8749	8745.5	8745.5	5415865
1583664900	8745.5	8746	8744	8744.5	2221215
1583665200	8744.5	8754	8744	8751	5075118
1583665500	8751	8755	8751	8755	5225804
1583665800	8755	8755	8746.5	8746.5	5089445
1583666100	8746.5	8747	8741.5	8742	2229831
1583666400	8742	8742	8741	8741.5	1663971
1583666700	8741.5	8741.5	8731.5	8732	3673946
1583667000	8732	8734.5	8728.5	8734.5	4286686
1583667300	8734.5	8740	8734	8740	1877158
1583667600	8740	8740	8739.5	8739.5	617810
1583667900	8739.5	8743.5	8739.5	8743	1910325
1583668200	8743	8743.5	8743	8743.5	697280
1583668500	8743.5	8756	8743	8750	10205910
1583668800	8750	8750.5	8749.5	8750	2819437
1583669100	8750	8750.5	8737	8737	5951283
1583669400	8737	8737.5	8737	8737.5	1890905
1583669700	8737.5	8738	8737	8737.5	2811212
1583670000	8737.5	8738	8725	8727	8891994
1583670300	8727	8730.5	8726.5	8730.5	2522592
1583670600	8730.5	8735	8730	8734.5	2442277
1583670900	8734.5	8735	8726	8726	6146976
1583671200	8726	8726.5	8710	8722.5	16130506
1583671500	8722.5	8732	8703	8703.5	11437693
1583671800	8703.5	8713	8692.5	8692.5	21688706
1583672100	8692.5	8696	8657.5	8690.5	65677198
1583672400	8690.5	8702.5	8673.5	8696.5	19305805
1583672700	8696.5	8700	8690	8691.5	5420019
1583673000	8691.5	8693.5	8663	8667.5	19057997
1583673300	8667.5	8679.5	8655	8673	21844960
1583673600	8673	8676.5	8636	8648.5	42621289
1583673900	8648.5	8658.5	8641.5	8658.5	27621804
1583674200	8658.5	8658.5	8642	8642	12673285
1583674500	8642	8685	8640	8682	21010692
1583674800	8682	8686.5	8675.5	8682	10248766
1583675100	8682	8682.5	8671.5	8673	5584172
1583675400	8673	8673.5	8663	8665	5764988
1583675700	8665	8665	8660	8664	5413553
1583676000	8664	8664.5	8650.5	8663.5	10693513
1583676300	8663.5	8667	8662.5	8667	2888330
1583676600	8667	8675.5	8666.5	8675	3639588
1583676900	8675	8675.5	8674	8674.5	1720506
1583677200	8674.5	8674.5	8663.5	8663.5	3773323
1583677500	8663.5	8664	8650	8650.5	5407421
1583677800	8650.5	8652.5	8623.5	8629.5	22342395
1583678100	8629.5	8639	8627.5	8634.5	11127239
1583678400	8634.5	8635	8618	8626.5	16401474
1583678700	8626.5	8626.5	8585	8595.5	43328078
1583679000	8595.5	8596	8568.5	8575.5	35404020
1583679300	8575.5	8587	8570	8582	18140405
1583679600	8582	8612	8570.5	8584.5	30595281
1583679900	8584.5	8589.5	8562.5	8563	28315988
1583680200	8563	8563	8514	8520	81880478
1583680500	8520	8552	8510.5	8537	28425233
1583680800	8537	8539.5	8524.5	8537.5	10910957
1583681100	8537.5	8537.5	8462.5	8492.5	68120229
1583681400	8492.5	8502	8291.5	8319.5	170749326
1583681700	8319.5	8434.5	8316.5	8360	121554893
1583682000	8360	8432	8360	8394	45519406
1583682300	8394	8419	8380	8388	32561744
1583682600	8388	8397.5	8363.5	8392	25494775
1583682900	8392	8406	8376	8400	25049215
1583683200	8400	8400	8375	8390	20245453
1583683500	8390	8390.5	8353	8366	22896483
1583683800	8366	8367	8335	8335	28575464
1583684100	8335	8335.5	8217	8245	135420747
1583684400	8245	8279	8162	8209	86449939
1583684700	8209	8250	8181.5	8225	41236269
1583685000	8225	8243.5	8200	8206	28419709
1583685300	8206	8229	8174	8226	44934400
1583685600	8226	8284.5	8216.5	8280	46195604
1583685900	8280	8317	8265	8274.5	37074889
1583686200	8274.5	8306.5	8265.5	8303	19475721
1583686500	8303	8303	8273.5	8284	18203693
1583686800	8284	8288	8256.5	8271	14617837
1583687100	8271	8285	8260	8284	10131711
1583687400	8284	8309.5	8266	8298	22934078
1583687700	8298	8319	8297.5	8318.5	16330900
1583688000	8318.5	8333	8315	8318.5	19002001
1583688300	8318.5	8327	8315	8315	7920817
1583688600	8315	8315.5	8293	8298.5	8227061
1583688900	8298.5	8334	8298.5	8333.5	10830580
1583689200	8333.5	8334	8316	8321	8128466
1583689500	8321	8361	8321	8358.5	25607389
1583689800	8358.5	8359	8302	8319.5	25206975
1583690100	8319.5	8320	8306.5	8311.5	10357441
1583690400	8311.5	8311.5	8286	8286	16007512
1583690700	8286	8307.5	8286	8307.5	6492507
1583691000	8307.5	8307.5	8293.5	8298.5	3969140
1583691300	8298.5	8299.5	8280.5	8281	6930251
1583691600	8281	8296	8275	8296	8635319
1583691900	8296	8316	8295.5	8315.5	4502985
1583692200	8315.5	8316	8307	8307	2847283
1583692500	8307	8307.5	8296	8306	3534342
1583692800	8306	8312.5	8297.5	8297.5	2999492
1583693100	8297.5	8300	8297.5	8299.5	1338472
1583693400	8299.5	8300	8291.5	8291.5	2597328
1583693700	8291.5	8297	8291.5	8297	2171394
1583694000	8297	8298	8287.5	8287.5	3013173
1583694300	8287.5	8287.5	8261.5	8282.5	17614832
1583694600	8282.5	8282.5	8279.5	8280	3449838
1583694900	8280	8282	8279	8282	3540752
1583695200	8282	8295	8281.5	8295	3812563
1583695500	8295	8295	8287	8287.5	3036905
1583695800	8287.5	8287.5	8287	8287	1585366
1583696100	8287	8304	8287	8303.5	3440035
1583696400	8303.5	8308.5	8303.5	8308.5	2092787
1583696700	8308.5	8308.5	8289.5	8290	3997689
1583697000	8290	8290	8281.5	8288	4455235
1583697300	8288	8297	8287.5	8288.5	2284955
1583697600	8288.5	8291.5	8286	8291.5	3057182
1583697900	8291.5	8310	8291	8309	5225720
1583698200	8309	8310	8308.5	8310	1753063
1583698500	8310	8310	8309	8309	1981991
1583698800	8309	8309.5	8302	8302.5	3434260
1583699100	8302.5	8305	8302	8305	1489699
1583699400	8305	8306.5	8292	8294.5	5342587
1583699700	8294.5	8294.5	8271	8283	4861600
1583700000	8283	8288	8282.5	8288	3999935
1583700300	8288	8288	8270.5	8277.5	6820417
1583700600	8277.5	8277.5	8277	8277	2448255
1583700900	8277	8277.5	8273.5	8273.5	2084788
1583701200	8273.5	8289	8273.5	8287.5	7260934
1583701500	8287.5	8291.5	8287.5	8289.5	2028734
1583701800	8289.5	8289.5	8287	8287.5	1512369
1583702100	8287.5	8287.5	8284.5	8285	1199794
1583702400	8285	8285	8281.5	8282	985744
1583702700	8282	8282	8278	8278	927064
1583703000	8278	8278.5	8265.5	8265.5	3827592
1583703300	8265.5	8278.5	8261	8277.5	8573363
1583703600	8277.5	8278	8260	8260	4624201
1583703900	8260	8260.5	8228	8239.5	22520476
1583704200	8239.5	8239.5	8211	8217.5	15810818
1583704500	8217.5	8267.5	8217	8260	10481894
1583704800	8260	8277.5	8252.5	8265	19883915
1583705100	8265	8283.5	8264.5	8275	11970945
1583705400	8275	8275	8240	8240.5	9388261
1583705700	8240.5	8240.5	8217	8217	14154428
1583706000	8217	8246	8202	8242	23476111
1583706300	8242	8245.5	8231	8242	5566213
1583706600	8242	8242	8220	8228	5221547
1583706900	8228	8228	8179	8193	22595584
1583707200	8193	8223.5	8193	8220	12180810
1583707500	8220	8220	8179.5	8190.5	15127142
1583707800	8190.5	8210	8180	8201	9184329
1583708100	8201	8201.5	8165.5	8170	15377505
1583708400	8170	8201	8167	8179.5	16229520
1583708700	8179.5	8192	8170.5	8191.5	7659214
1583709000	8191.5	8209	8183	8209	14247492
1583709300	8209	8249	8209	8236	24333079
1583709600	8236	8236.5	8201	8216	10964817
1583709900	8216	8224.5	8201	8210.5	8487702
1583710200	8210.5	8211	8177.5	8178	11399439
1583710500	8178	8185	8142.5	8143	20974678
1583710800	8143	8143	8070	8106	93438250
1583711100	8106	8106.5	8006	8006	94075828
1583711400	8006	8064	8001	8029	44833497
1583711700	8029	8049	8011.5	8038.5	25241405
1583712000	8038.5	8120	8032	8115	48247571
1583712300	8115	8184.5	8115	8128	45696406
1583712600	8128	8128	8113.5	8120.5	15003368
1583712900	8120.5	8121	8055.5	8057.5	28543611
1583713200	8057.5	8097	8033	8097	29649230
1583713500	8097	8097	8065	8078.5	9862584
1583713800	8078.5	8079	8014.5	8029.5	24557946
1583714100	8029.5	8059	8017	8054.5	16105751
1583714400	8054.5	8069.5	8038	8041.5	10792829
1583714700	8041.5	8071	8041	8066.5	8560532
1583715000	8066.5	8085.5	8064	8071.5	11989739
1583715300	8071.5	8089	8066	8088	5881642
1583715600	8088	8088	8057.5	8057.5	6674722
1583715900	8057.5	8058	8042.5	8047.5	8002403
1583716200	8047.5	8070	8047.5	8064	6560490
1583716500	8064	8090	8064	8077	9466499
1583716800	8077	8080.5	8065	8067.5	4151007
1583717100	8067.5	8096.5	8052	8093.5	13120077
1583717400	8093.5	8128.5	8087.5	8128	14053281
1583717700	8128	8128	8110	8110.5	9601074
1583718000	8110.5	8123.5	8110	8119	5839939
1583718300	8119	8128.5	8111.5	8128.5	6569563
1583718600	8128.5	8130	8107	8107	9232908
1583718900	8107	8113	8090	8090	8012528
1583719200	8090	8095	8070	8077.5	11627145
1583719500	8077.5	8085	8068.5	8084.5	4835384
1583719800	8084.5	8090	8056	8056	9137882
1583720100	8056	8075	8056	8073.5	3938722
1583720400	8073.5	8074	8065	8074	2700339
1583720700	8074	8091	8074	8089	6962904
1583721000	8089	8089	8080	8080	3109860
1583721300	8080	8080.5	8067.5	8075	3959711
1583721600	8075	8084	8065	8069	3584611
1583721900	8069	8069.5	8050.5	8050.5	8861220
1583722200	8050.5	8051	8030	8038.5	18200209
1583722500	8038.5	8054	8031	8031.5	10420712
1583722800	8031.5	8040	8031	8038	10021614
1583723100	8038	8061	8038.5	8050.5	8841640
1583723400	8050.5	8063.5	8040	8040.5	9560099
1583723700	8040.5	8112	8000	8092	60504454
1583724000	8092	8092.5	8072	8076	11660380
1583724300	8076	8095	8076	8088.5	7863392
1583724600	8088.5	8089	8060	8065.5	8517332
1583724900	8065.5	8066	8050	8057	7707535
1583725200	8057	8065.5	8053	8056.5	3943878
1583725500	8056.5	8065.5	8045	8045	6798007
1583725800	8045	8063	8045	8063	4492932
1583726100	8063	8083	8061	8075	9295763
1583726400	8075	8075	8035	8046.5	16272231
1583726700	8046.5	8047	8013	8014	19208778
1583727000	8014	8014.5	7901	7909	135776570
1583727300	7909	7928	7861	7861	79137282
1583727600	7861	7925	7840	7910.5	59959838
1583727900	7910.5	7910.5	7879	7894.5	25050035
1583728200	7894.5	7897	7812	7822	75468022
1583728500	7822	7867.5	7821.5	7843	26860053
1583728800	7843	7866	7838	7863.5	13920651
1583729100	7863.5	7872	7836	7840	13052256
1583729400	7840	7876.5	7840	7869	14143474
1583729700	7869	7869.5	7839	7859.5	21001541
1583730000	7859.5	7867	7830.5	7834	13136652
1583730300	7834	7853.5	7818	7851	23109667
1583730600	7851	7857	7815	7823	22536696
1583730900	7823	7829.5	7771	7771	63994302
1583731200	7771	7803	7769.5	7769.5	42673228
1583731500	7769.5	7770	7710	7722.5	87645986
1583731800	7722.5	7760	7682.5	7758.5	88569872
1583732100	7758.5	7835	7743	7819.5	84882772
1583732400	7819.5	7838.5	7792.5	7835.5	52039778
1583732700	7835.5	7865	7828	7855	61157514
1583733000	7855	7891.5	7834.5	7891	79637558
1583733300	7891	7960	7891	7936	66435079
1583733600	7936	7936	7896	7897	24700380
1583733900	7897	7948.5	7894.5	7933.5	21864003
1583734200	7933.5	7969.5	7933	7958.5	19169662
1583734500	7958.5	7997	7915	7922	52607506
1583734800	7922	7934	7916	7933.5	8604998
1583735100	7933.5	7934	7912	7929	11645221
1583735400	7929	7938.5	7896	7896	11919633
1583735700	7896	7913	7883.5	7883.5	12150810
1583736000	7883.5	7898.5	7874.5	7894.5	15923336
1583736300	7894.5	7919.5	7894	7919.5	10464322
1583736600	7919.5	7920	7909	7909	4803794
1583736900	7909	7909.5	7856.5	7883.5	24432737
1583737200	7883.5	7902.5	7883.5	7888.5	15650027
1583737500	7888.5	7915	7888	7912	7839190
1583737800	7912	7915.5	7901	7915.5	5095146
1583738100	7915.5	7923	7908.5	7909	5906493
1583738400	7909	7922.5	7908.5	7922.5	7820792
1583738700	7922.5	7931	7902.5	7902.5	8924358
1583739000	7902.5	7906	7892	7906	4949685
1583739300	7906	7908	7892	7892.5	5115940
1583739600	7892.5	7901	7884.5	7888	9881031
1583739900	7888	7912	7888	7912	3941302
1583740200	7912	7922.5	7910	7915	5634411
1583740500	7915	7917.5	7903.5	7904	3979900
1583740800	7904	7940	7903.5	7939	16996326
1583741100	7939	7957	7930	7954	15268454
1583741400	7954	7965.5	7953.5	7959.5	14038622
1583741700	7959.5	7962	7939	7939	6649946
1583742000	7939	7939	7925	7926.5	8370958
1583742300	7926.5	7945	7926.5	7942	5777295
1583742600	7942	7951	7932.5	7932.5	4782833
1583742900	7932.5	7968.5	7929.5	7968	11116862
1583743200	7968	7985	7959.5	7978.5	8830567
1583743500	7978.5	7996	7976	7979	20889275
1583743800	7979	7979.5	7961.5	7962	5694417
1583744100	7962	7985	7961.5	7974.5	7174117
1583744400	7974.5	7975	7951	7951.5	12755489
1583744700	7951.5	7968.5	7946.5	7965	6266850
1583745000	7965	7965	7950.5	7950.5	1670974
1583745300	7950.5	7956.5	7932.5	7936.5	5564732
1583745600	7936.5	7947	7930	7946.5	4852097
1583745900	7946.5	7947	7932	7932	4917394
1583746200	7932	7948	7932	7940.5	5820281
1583746500	7940.5	7944	7932.5	7932.5	4052714
1583746800	7932.5	7932.5	7910	7913.5	12935086
1583747100	7913.5	7915	7904.5	7904.5	8606263
1583747400	7904.5	7926	7904.5	7925.5	7028830
1583747700	7925.5	7925.5	7884	7888.5	13139597
1583748000	7888.5	7900	7888.5	7895	9066199
1583748300	7895	7905.5	7894.5	7900.5	4949124
1583748600	7900.5	7907.5	7884	7885	6294871
1583748900	7885	7896.5	7885	7895	3464738
1583749200	7895	7923.5	7895	7923	7261610
1583749500	7923	7925	7913	7923.5	5151667
1583749800	7923.5	7933.5	7916	7916.5	5758895
1583750100	7916.5	7928.5	7915	7915	3506192
1583750400	7915	7919	7902.5	7903	8468553
1583750700	7903	7906	7892	7894	4872372
1583751000	7894	7910	7893.5	7899	2852809
1583751300	7899	7901	7892	7892	5912131
1583751600	7892	7892.5	7841	7852.5	30081091
1583751900	7852.5	7860	7812	7812.5	41674643
1583752200	7812.5	7826	7770	7802	45481223
1583752500	7802	7829	7801	7829	20338603
1583752800	7829	7840.5	7803.5	7809.5	12407673
1583753100	7809.5	7819.5	7790	7796.5	16867494
1583753400	7796.5	7824	7796.5	7798.5	8223593
1583753700	7798.5	7813	7798	7805.5	7626293
1583754000	7805.5	7817.5	7786.5	7796	12778482
1583754300	7796	7804	7775	7788.5	18349706
1583754600	7788.5	7798.5	7777	7778	9322929
1583754900	7778	7817.5	7772.5	7817	17557882
1583755200	7817	7880	7810.5	7869	54163994
1583755500	7869	7919	7860.5	7896.5	36248127
1583755800	7896.5	7906	7801	7820.5	40730363
1583756100	7820.5	7841	7780	7801	49604150
1583756400	7801	7840	7801	7837	15055178
1583756700	7837	7864.5	7837	7850.5	19177992
1583757000	7850.5	7868.5	7815	7850	26411482
1583757300	7850	7850	7836.5	7838.5	9368359
1583757600	7838.5	7838.5	7824.5	7824.5	8736375
1583757900	7824.5	7867	7822.5	7845	17020943
1583758200	7845	7863	7844.5	7860.5	5929423
1583758500	7860.5	7897.5	7854	7887.5	23613256
1583758800	7887.5	7896.5	7873.5	7876	9541737
1583759100	7876	7892.5	7873.5	7873.5	7254779
1583759400	7873.5	7876	7835.5	7841.5	20843230
1583759700	7841.5	7853	7834	7847.5	8047610
1583760000	7847.5	7854	7822	7831.5	13176080
1583760300	7831.5	7837	7816	7820	10379452
1583760600	7820	7820	7785	7789	29866860
1583760900	7789	7795	7761	7783	40606913
1583761200	7783	7820	7755.5	7777	50427359
1583761500	7777	7780	7730	7736	35204126
1583761800	7736	7831	7707	7819.5	67601510
1583762100	7819.5	7830.5	7778	7804.5	64555904
1583762400	7804.5	7851	7789	7792.5	34530825
1583762700	7792.5	7807	7775	7801	14152749
1583763000	7801	7801	7749.5	7762.5	24956134
1583763300	7762.5	7798.5	7757.5	7785.5	15183993
1583763600	7785.5	7792	7747.5	7762	20875677
1583763900	7762	7773	7742	7764.5	15230331
1583764200	7764.5	7785	7757	7762.5	11294243
1583764500	7762.5	7770	7737	7745	14608647
1583764800	7745	7765.5	7738.5	7744	13082373
1583765100	7744	7759.5	7738	7746.5	8885612
1583765400	7746.5	7747	7717.5	7717.5	18274032
1583765700	7717.5	7747	7705.5	7726	28442536
1583766000	7726	7737	7704.5	7710.5	19652938
1583766300	7710.5	7738.5	7658	7734.5	71213266
1583766600	7734.5	7786.5	7717	7717	61381702
1583766900	7717	7737	7698	7725	28472768
1583767200	7725	7739	7711.5	7712	10296603
1583767500	7712	7719.5	7690.5	7701	13937894
1583767800	7701	7701.5	7658	7662.5	35092891
1583768100	7662.5	7706	7662.5	7671	20243196
1583768400	7671	7695	7630.5	7653.5	61313497
1583768700	7653.5	7725	7651.5	7692.5	37576793
1583769000	7692.5	7751.5	7680	7716.5	37140977
1583769300	7716.5	7765	7696	7765	25224516
1583769600	7765	7765	7715	7725.5	30872067
1583769900	7725.5	7726	7694.5	7720	10011272
1583770200	7720	7733	7710	7721	8303332
1583770500	7721	7815	7720	7782	51823910
1583770800	7782	7798	7761	7767.5	23350516
1583771100	7767.5	7795	7765.5	7788.5	10248099
1583771400	7788.5	7849	7788.5	7841.5	36523098
1583771700	7841.5	7874.5	7830.5	7846	31651514
1583772000	7846	7846	7822.5	7835.5	12412675
1583772300	7835.5	7846.5	7789.5	7805.5	17359362
1583772600	7805.5	7830.5	7792	7802.5	13058132
1583772900	7802.5	7810	7790	7792	5512088
1583773200	7792	7792.5	7743.5	7753	29999576
1583773500	7753	7759.5	7744.5	7754	6415726
1583773800	7754	7788	7753.5	7784	13376759
1583774100	7784	7788.5	7755	7755.5	9091911
1583774400	7755.5	7770.5	7755.5	7755.5	6482174
1583774700	7755.5	7767	7754	7760.5	6414703
1583775000	7760.5	7780	7760	7766.5	4589903
1583775300	7766.5	7770	7762	7762	2941595
1583775600	7762	7762.5	7748	7752.5	6769713
1583775900	7752.5	7752.5	7710.5	7715.5	17695819
1583776200	7715.5	7741.5	7712.5	7729	9128793
1583776500	7729	7729.5	7711.5	7729.5	6871071
1583776800	7729.5	7783	7729	7755.5	14124108
1583777100	7755.5	7760.5	7740	7741	4600047
1583777400	7741	7743	7730.5	7737.5	5833840
1583777700	7737.5	7755	7727.5	7734	6488269
1583778000	7734	7753	7734	7745.5	4333958
1583778300	7745.5	7770	7745.5	7755.5	2817728
1583778600	7755.5	7758.5	7748	7748	2551878
1583778900	7748	7748.5	7735	7740	8074984
1583779200	7740	7746	7729	7729.5	3306445
1583779500	7729.5	7743.5	7727	7743.5	3601565
1583779800	7743.5	7783	7743	7764	16160383
1583780100	7764	7771.5	7748	7748.5	7331338
1583780400	7748.5	7783	7748	7774.5	9680744
1583780700	7774.5	7813	7774	7802.5	11312216
1583781000	7802.5	7803	7785.5	7800	5313728
1583781300	7800	7817	7794	7794	8847779
1583781600	7794	7797.5	7786	7794	4875001
1583781900	7794	7805.5	7790	7805.5	3303613
1583782200	7805.5	7835.5	7803	7832.5	9074133
1583782500	7832.5	7846	7818.5	7829	12970651
1583782800	7829	7837.5	7820	7831	9196005
1583783100	7831	7887	7827	7859	19023820
1583783400	7859	7875	7853.5	7854	14536945
1583783700	7854	7856	7838.5	7841.5	6533273
1583784000	7841.5	7872.5	7841	7869.5	6693426
1583784300	7869.5	7870	7794	7805.5	31548242
1583784600	7805.5	7856	7800	7843.5	24583674
1583784900	7843.5	7859	7836	7845.5	10450639
1583785200	7845.5	7861.5	7842.5	7843	4603595
1583785500	7843	7868	7842.5	7859	4104386
1583785800	7859	7888	7858.5	7884	8424206
1583786100	7884	7887	7862	7862	9954266
1583786400	7862	7872.5	7861.5	7865.5	6282155
1583786700	7865.5	7877	7866	7872.5	6357909
1583787000	7872.5	7872.5	7849.5	7859	6294563
1583787300	7859	7859	7843	7853.5	6231116
1583787600	7853.5	7859.5	7850	7859.5	2401463
1583787900	7859.5	7877	7858	7869.5	3657685
1583788200	7869.5	7874.5	7869	7873	2275577
1583788500	7873	7873	7858	7858	1855456
1583788800	7858	7858.5	7853	7853	3239676
1583789100	7853	7853.5	7853	7853	341144
1583789400	7853	7863.5	7853	7863.5	1932987
1583789700	7863.5	7871.5	7863	7871	1880209
1583790000	7871	7871.5	7865	7865.5	1964484
1583790300	7865.5	7865.5	7843.5	7846.5	5942716
1583790600	7846.5	7847	7821.5	7829	9291442
1583790900	7829	7838.5	7829	7831	3102592
1583791200	7831	7845	7830.5	7836	3832223
1583791500	7836	7836	7831	7836	1713147
1583791800	7836	7845	7833.5	7845	2188636
1583792100	7845	7864.5	7844.5	7862	3494488
1583792400	7862	7862.5	7844	7844	4886091
1583792700	7844	7856.5	7844	7853	1470259
1583793000	7853	7853.5	7831	7836	3805387
1583793300	7836	7842	7833	7841.5	1760298
1583793600	7841.5	7865.5	7841.5	7856	4294309
1583793900	7856	7869	7855.5	7865.5	5373266
1583794200	7865.5	7887	7865.5	7878	11158910
1583794500	7878	7878.5	7876	7878	5791337
1583794800	7878	7895.5	7876	7886.5	15259894
1583795100	7886.5	7888	7861.5	7868	6943984
1583795400	7868	7875	7865.5	7865.5	4076057
1583795700	7865.5	7865	7839.5	7847	10292970
1583796000	7847	7867.5	7840	7867	4678970
1583796300	7867	7867.5	7859.5	7866	3747178
1583796600	7866	7880	7866.5	7878	3931019
1583796900	7878	7887	7876	7882.5	5337682
1583797200	7882.5	7892.5	7875	7892.5	5990694
1583797500	7892.5	7926	7887.5	7888	30709865
1583797800	7888	7918.5	7885.5	7918	8157147
1583798100	7918	7936	7918	7928	15538739
1583798400	7928	7943	7928	7935	20759513
1583798700	7935	7935.5	7920	7924.5	7055549
1583799000	7924.5	7925	7918	7921	3339988
1583799300	7921	7921	7891	7893.5	12370650
1583799600	7893.5	7912.5	7893.5	7910.5	5955093
1583799900	7910.5	7910.5	7901	7901.5	2825434
1583800200	7901.5	7924	7901.5	7923.5	4359467
1583800500	7923.5	7932.5	7916.5	7930.5	3234753
1583800800	7930.5	7931	7923	7923	1570154
1583801100	7923	7930	7917.5	7930	4229341
1583801400	7930	7935.5	7923	7928.5	5159087
1583801700	7928.5	7940	7928	7930	6828027
1583802000	7930	7948.5	7930	7943.5	9922908
1583802300	7943.5	7948	7939.5	7948	8348988
1583802600	7948	7960	7947.5	7952.5	11012474
1583802900	7952.5	7952.5	7931	7931	8392896
1583803200	7931	7933	7930	7933	5643612
1583803500	7933	7933	7925	7925	4062440
1583803800	7925	7925.5	7915.5	7920	4994860
1583804100	7920	7934	7920	7930	3014192
1583804400	7930	7930.5	7917.5	7918	1913887
1583804700	7918	7918	7907	7912	5440091
1583805000	7912	7912	7905.5	7905.5	3515509
1583805300	7905.5	7906	7892.5	7897	9171964
1583805600	7897	7905	7897	7905	3635858
1583805900	7905	7905	7892	7892	5091945
1583806200	7892	7896.5	7886	7896.5	8012915
1583806500	7896.5	7908	7896	7908	3593500
1583806800	7908	7918.5	7907.5	7912	3411147
1583807100	7912	7917.5	7907	7907	1585495
1583807400	7907	7917.5	7903	7917	2784755
1583807700	7917	7917.5	7907	7917	3098134
1583808000	7917	7919.5	7911.5	7917	2404041
1583808300	7917	7917.5	7895.5	7899.5	5500523
1583808600	7899.5	7901	7895.5	7899	2920313
1583808900	7899	7899.5	7834.5	7855	26990122
1583809200	7855	7875	7853.5	7864.5	14973130
1583809500	7864.5	7875	7864	7868	9995600
1583809800	7868	7869.5	7858	7858	5241606
1583810100	7858	7866.5	7858	7866.5	2174576
1583810400	7866.5	7879.5	7866	7879.5	9991506
1583810700	7879.5	7894	7871.5	7894	7509809
1583811000	7894	7912	7891.5	7905	17468835
1583811300	7905	7906.5	7900	7906	2667683
1583811600	7906	7911.5	7900.5	7901	6296751
1583811900	7901	7910.5	7900.5	7907	5067773
1583812200	7907	7911.5	7906	7911.5	3553588
1583812500	7911.5	7917	7904	7904	4824738
1583812800	7904	7924	7904	7917	5064061
1583813100	7917	7926.5	7910	7923.5	7760209
1583813400	7923.5	7941	7923.5	7939	8680338
1583813700	7939	7940	7925	7929.5	4529028
1583814000	7929.5	7930	7922	7922	2024859
1583814300	7922	7922.5	7914.5	7916	4545753
1583814600	7916	7916.5	7910.5	7915	2051675
1583814900	7915	7930	7915.5	7929.5	3814124
1583815200	7929.5	7934.5	7928.5	7931.5	1633176
1583815500	7931.5	7931.5	7928.5	7929.5	1932518
1583815800	7929.5	7937	7926	7936.5	3415819
1583816100	7936.5	7937	7928.5	7928.5	2709989
1583816400	7928.5	7929	7911	7916.5	6257944
1583816700	7916.5	7917	7906	7909	2805613
1583817000	7909	7909.5	7904	7904	5391798
1583817300	7904	7929	7904	7929	6539728
1583817600	7929	7929.5	7928.5	7929.5	2507749
1583817900	7929.5	7935.5	7929	7935.5	3716623
1583818200	7935.5	7939.5	7935	7935.5	7054900
1583818500	7935.5	7936	7932	7935	2498031
1583818800	7935	7945	7934.5	7944.5	6269049
1583819100	7944.5	7945	7944.5	7945	1521572
1583819400	7945	7945	7932	7932.5	4440216
1583819700	7932.5	7932.5	7928	7931	3367515
1583820000	7931	7931.5	7918	7922.5	5548825
1583820300	7922.5	7927.5	7918.5	7927.5	4572549
1583820600	7927.5	7931.5	7927	7928.5	5506447
1583820900	7928.5	7929	7928.5	7929	333922
1583821200	7929	7940	7928.5	7940	3577034
1583821500	7940	7952.5	7939.5	7947.5	9551627
1583821800	7947.5	7950.5	7941.5	7950	7910586
1583822100	7950	7950.5	7918	7918	15250705
1583822400	7918	7923	7912.5	7922.5	12682629
1583822700	7922.5	7922.5	7917.5	7919	7268660
1583823000	7919	7919	7909	7911	8464022
1583823300	7911	7912.5	7911	7912.5	2301215
1583823600	7912.5	7912.5	7896	7896.5	6219526
1583823900	7896.5	7902.5	7896	7902.5	4849919
1583824200	7902.5	7902.5	7888	7893	8901508
1583824500	7893	7894	7892	7894	2807246
1583824800	7894	7894.5	7877	7877	10036218
1583825100	7877	7879	7875	7875.5	6040691
1583825400	7875.5	7879	7860	7879	20387536
1583825700	7879	7883	7871.5	7878.5	7700706
1583826000	7878.5	7889	7878	7888.5	6183685
1583826300	7888.5	7897	7889	7896	6519802
1583826600	7896	7896	7883.5	7884	3670211
1583826900	7884	7892.5	7883.5	7892	2890596
1583827200	7892	7894.5	7888	7888	3109623
1583827500	7888	7888.5	7885.5	7886	1973379
1583827800	7886	7896	7886	7895.5	2996970
1583828100	7895.5	7906.5	7895.5	7903	7524165
1583828400	7903	7912.5	7903	7912	6230339
1583828700	7912	7925	7911.5	7925	9694149
1583829000	7925	7925	7914	7914.5	4573717
1583829300	7914.5	7914.5	7910.5	7911	1984037
1583829600	7911	7911	7908.5	7909	1255788
1583829900	7909	7909	7895.5	7895.5	4301942
1583830200	7895.5	7896	7895.5	7896	2004168
1583830500	7896	7898	7890	7897.5	6996197
1583830800	7897.5	7898	7882.5	7883	7702592
1583831100	7883	7887	7882	7887	3268671
1583831400	7887	7890	7886.5	7890	1676498
1583831700	7890	7895	7889.5	7894.5	3533440
1583832000	7894.5	7895	7894.5	7894.5	337469
1583832300	7894.5	7895	7894.5	7895	1943196
1583832600	7895	7895	7884.5	7884.5	8125570
1583832900	7884.5	7885	7870	7877.5	16966341
1583833200	7877.5	7877.5	7874.5	7876	3373367
1583833500	7876	7876.5	7873.5	7874.5	4041384
1583833800	7874.5	7877.5	7871	7871	5176025
1583834100	7871	7877	7871	7877	2682416
1583834400	7877	7886.5	7876.5	7886.5	4780950
1583834700	7886.5	7895.5	7886	7894.5	8671602
1583835000	7894.5	7910	7894.5	7910	9382236
1583835300	7910	7924	7909.5	7922.5	17105307
1583835600	7922.5	7923	7917	7917.5	8003014
1583835900	7917.5	7947	7917	7939	26508851
1583836200	7939	8020	7939	7994.5	78348346
1583836500	7994.5	7999.5	7976	7977.5	38161401
1583836800	7977.5	8039	7973	8029.5	62407267
1583837100	8029.5	8047.5	8023.5	8034.5	34897637
1583837400	8034.5	8068	8031	8033	47933554
1583837700	8033	8038	8011	8035	27052471
1583838000	8035	8077	8034.5	8066.5	47801839
1583838300	8066.5	8094	8063	8090	30359016
1583838600	8090	8090.5	8061	8080	27336686
1583838900	8080	8088.5	8063	8079.5	15533370
1583839200	8079.5	8091.5	8079	8086	15732414
1583839500	8086	8114.5	8076.5	8108.5	30949085
1583839800	8108.5	8114.5	8073.5	8073.5	32364542
1583840100	8073.5	8077	8062.5	8065.5	20040089
1583840400	8065.5	8074.5	8062.5	8070	8022949
1583840700	8070	8073	8065	8070.5	5694061
1583841000	8070.5	8070.5	8054.5	8057.5	8946837
1583841300	8057.5	8069	8057.5	8068.5	5519017
1583841600	8068.5	8085.5	8068.5	8085	20140285
1583841900	8085	8102	8085	8102	12702485
1583842200	8102	8102	8085	8096.5	9288845
1583842500	8096.5	8097	8063	8063	15554914
1583842800	8063	8076.5	8063	8066	7109244
1583843100	8066	8087.5	8066	8083	6362418
1583843400	8083	8084	8074	8083.5	4583311
1583843700	8083.5	8116	8083.5	8100	23939664
1583844000	8100	8130.5	8098	8125	31292248
1583844300	8125	8139	8115.5	8138	19561968
1583844600	8138	8147	8138	8147	14042882
1583844900	8147	8147	8132.5	8141	12177952
1583845200	8141	8150	8135	8135	15981118
1583845500	8135	8135.5	8130.5	8131.5	5338247
1583845800	8131.5	8132	8111	8117	11811549
1583846100	8117	8141	8116.5	8134	15574896
1583846400	8134	8144	8132	8132	7760046
1583846700	8132	8135.5	8126.5	8127	5844833
1583847000	8127	8130	8117.5	8130	9822352
1583847300	8130	8139	8116	8116	12054754
1583847600	8116	8125.5	8010	8026.5	72879039
1583847900	8026.5	8060	8022	8056	40651370
1583848200	8056	8128.5	8052.5	8098	48124010
1583848500	8098	8098.5	8062	8071.5	18833243
1583848800	8071.5	8094	8071	8093.5	8571602
1583849100	8093.5	8094	8071.5	8093.5	9122750
1583849400	8093.5	8095	8083	8089.5	5065367
1583849700	8089.5	8097	8083.5	8097	8615114
1583850000	8097	8109	8093	8102.5	10048783
1583850300	8102.5	8110.5	8096	8110.5	4340577
1583850600	8110.5	8112	8089.5	8089.5	12167989
1583850900	8089.5	8098.5	8089	8092	5725610
1583851200	8092	8097	8086	8086	4017421
1583851500	8086	8086	8052	8060.5	21957755
1583851800	8060.5	8064	8032	8033	27344565
1583852100	8033	8049	8031	8040.5	15938687
1583852400	8040.5	8040.5	8018.5	8029	16924464
1583852700	8029	8045	8002	8030.5	29313355
1583853000	8030.5	8032	8017	8026.5	8366788
1583853300	8026.5	8039	8026.5	8033.5	4792384
1583853600	8033.5	8034.5	8021.5	8021.5	4030557
1583853900	8021.5	8021.5	8006.5	8012	9001259
1583854200	8012	8012	7743	7743	135370579
1583854500	7743	7866	7723	7841.5	143954201
1583854800	7841.5	7874	7825	7851.5	27807085
1583855100	7851.5	7865	7817	7837.5	37398277
1583855400	7837.5	7846.5	7799	7804.5	34797211
1583855700	7804.5	7815	7750	7767.5	55336034
1583856000	7767.5	7806.5	7730	7789	59910061
1583856300	7789	7816.5	7788.5	7802	23822199
1583856600	7802	7818.5	7796.5	7815.5	15815159
1583856900	7815.5	7837.5	7815.5	7837.5	18309114
1583857200	7837.5	7848.5	7835	7843	12251712
1583857500	7843	7843	7829	7837	9091754
1583857800	7837	7837.5	7820.5	7828.5	10773879
1583858100	7828.5	7848	7821	7844.5	8314536
1583858400	7844.5	7844.5	7835	7841.5	4652349
1583858700	7841.5	7849	7829.5	7829.5	6088759
1583859000	7829.5	7839	7829.5	7838	3053960
1583859300	7838	7847	7824.5	7846	17372520
1583859600	7846	7846.5	7821	7823	10692190
1583859900	7823	7865	7823	7865	14496248
1583860200	7865	7900	7860	7897.5	31539228
1583860500	7897.5	7902	7886.5	7891.5	11643393
1583860800	7891.5	7900.5	7891.5	7900	10781919
1583861100	7900	7905	7891.5	7900	6082295
1583861400	7900	7900	7871	7871.5	8288381
1583861700	7871.5	7873.5	7861	7861.5	5843194
1583862000	7861.5	7868	7857	7865	7518668
1583862300	7865	7870	7859.5	7859.5	2795534
1583862600	7859.5	7864.5	7824.5	7837.5	16128962
1583862900	7837.5	7873	7832.5	7873	10471881
1583863200	7873	7873	7848.5	7858.5	7130716
1583863500	7858.5	7865.5	7850.5	7851	3568668
1583863800	7851	7851	7803.5	7813	26936368
1583864100	7813	7820.5	7809	7809.5	10288580
1583864400	7809.5	7823	7802	7823	8107561
1583864700	7823	7829.5	7814	7820.5	6178459
1583865000	7820.5	7885	7820.5	7877	24260917
1583865300	7877	7877.5	7864	7870	4504726
1583865600	7870	7892.5	7869.5	7875	7039683
1583865900	7875	7886.5	7871	7876.5	7382486
1583866200	7876.5	7879	7862.5	7862.5	2455264
1583866500	7862.5	7874	7862.5	7871	3935205
1583866800	7871	7871	7845	7870	9518143
1583867100	7870	7881.5	7869.5	7875	3280456
1583867400	7875	7887	7874	7886	2162812
1583867700	7886	7904.5	7886	7892	10776048
1583868000	7892	7928	7892	7912.5	14769666
1583868300	7912.5	7915.5	7903	7915	5207961
1583868600	7915	7925	7905.5	7925	4638605
1583868900	7925	7925	7921.5	7922	2412634
1583869200	7922	7927.5	7921	7925.5	3070213
1583869500	7925.5	7929	7925	7929	2684464
1583869800	7929	7948.5	7927.5	7948.5	10717784
1583870100	7948.5	7980	7948	7980	20626960
1583870400	7980	7983.5	7915	7933	32187923
1583870700	7933	7945.5	7922.5	7940	5558093
1583871000	7940	7964	7937.5	7964	7160026
1583871300	7964	7964	7925	7933	11233271
1583871600	7933	7958.5	7932.5	7958	3379863
1583871900	7958	7983	7958	7967	8943797
1583872200	7967	7986	7967	7977.5	6904317
1583872500	7977.5	7993	7977.5	7993	7245240
1583872800	7993	8026	7992.5	8019	19307894
1583873100	8019	8023.5	7974.5	8007	21340368
1583873400	8007	8007.5	7988	7993	8821991
1583873700	7993	7993	7971	7993	7198343
1583874000	7993	8000	7993	8000	4642930
1583874300	8000	8000	7998.5	7998.5	3089547
1583874600	7998.5	8015	7998.5	8009	6687377
1583874900	8009	8015.5	8008.5	8015.5	3139845
1583875200	8015.5	8026	8015	8024	5178488
1583875500	8024	8027.5	8024	8027.5	1709602
1583875800	8027.5	8030.5	8008.5	8008.5	11330560
1583876100	8008.5	8009	7997.5	7997.5	6888698
1583876400	7997.5	7998	7948.5	7958.5	25006195
1583876700	7958.5	7969	7943.5	7949.5	9407906
1583877000	7949.5	7959	7950	7957.5	4390300
1583877300	7957.5	7959	7949.5	7959	4969235
1583877600	7959	8012.5	7958.5	8000	17557841
1583877900	8000	8002	7990	8002	4248248
1583878200	8002	8004.5	7971.5	7977	7973424
1583878500	7977	7990	7977	7990	3900068
1583878800	7990	7990	7951.5	7961	15367951
1583879100	7961	7967.5	7950	7950	5301066
1583879400	7950	7981	7950	7979.5	7744544
1583879700	7979.5	7986	7971	7976	4282724
1583880000	7976	8003.5	7956	7956.5	22802222
1583880300	7956.5	7963.5	7947.5	7956	11445186
1583880600	7956	7958.5	7945	7945	9055078
1583880900	7945	7965.5	7945	7955.5	6817760
1583881200	7955.5	7955.5	7910	7910.5	26005854
1583881500	7910.5	7910	7877	7892.5	23566482
1583881800	7892.5	7896.5	7876	7890.5	9894997
1583882100	7890.5	7890.5	7873.5	7874.5	4607596
1583882400	7874.5	7962	7874	7910	38481424
1583882700	7910	7945.5	7910	7939.5	11876207
1583883000	7939.5	7944.5	7919	7919	6837453
1583883300	7919	7935	7919	7925	2557495
1583883600	7925	7925	7910	7910.5	3051337
1583883900	7910.5	7934.5	7910	7933	2986848
1583884200	7933	7933	7875.5	7890	23974917
1583884500	7890	7890	7878	7889.5	5540649
1583884800	7889.5	7889.5	7861	7885	16877514
1583885100	7885	7903.5	7884.5	7903	5844266
1583885400	7903	7923	7903.5	7915.5	6338781
1583885700	7915.5	7927.5	7906	7906	7751523
1583886000	7906	7940	7904.5	7940	7485095
1583886300	7940	7946.5	7936	7942.5	4785330
1583886600	7942.5	7952	7939	7949	3795419
1583886900	7949	7949	7927	7929.5	4298312
1583887200	7929.5	7934	7922.5	7926	5594700
1583887500	7926	7930	7926	7929.5	1315759
1583887800	7929.5	7942.5	7929.5	7942.5	1784505
1583888100	7942.5	7942.5	7942	7942	850596
1583888400	7942	7956.5	7942	7956	5275068
1583888700	7956	7961.5	7944	7944.5	5007553
1583889000	7944.5	7945	7928.5	7929	7448496
1583889300	7929	7929	7906	7906	9735848
1583889600	7906	7920	7906	7911.5	3093003
1583889900	7911.5	7917	7906.5	7910.5	1918052
1583890200	7910.5	7911	7896.5	7903	4832155
1583890500	7903	7918	7903	7915	1813226
1583890800	7915	7921.5	7912	7920	1683434
1583891100	7920	7924.5	7912	7924.5	3734126
1583891400	7924.5	7926	7921	7923	1436173
1583891700	7923	7928	7923	7927.5	1772716
1583892000	7927.5	7930	7924	7926.5	2367633
1583892300	7926.5	7941	7926	7940	3876045
1583892600	7940	7940.5	7924.5	7924.5	2115539
1583892900	7924.5	7925	7905	7909	6916549
1583893200	7909	7909.5	7892	7892	5029526
1583893500	7892	7911	7892	7911	4274990
1583893800	7911	7912.5	7896.5	7908	3652104
1583894100	7908	7915	7907.5	7912.5	1310453
1583894400	7912.5	7913	7906.5	7911.5	775996
1583894700	7911.5	7914	7911	7914	1292400
1583895000	7914	7914	7891.5	7894.5	4195798
1583895300	7894.5	7899	7885.5	7899	4263934
1583895600	7899	7899	7882	7897.5	5415821
1583895900	7897.5	7897.5	7885.5	7894	2208379
1583896200	7894	7897	7879.5	7890	4392518
1583896500	7890	7930	7880	7923.5	18854912
1583896800	7923.5	7927.5	7917.5	7920	5713320
1583897100	7920	7925	7916.5	7925	2189582
1583897400	7925	7925	7914.5	7914.5	2825081
1583897700	7914.5	7929	7914.5	7928.5	2667489
1583898000	7928.5	7935	7928.5	7932.5	3748222
1583898300	7932.5	7933	7921	7928	4431463
1583898600	7928	7932.5	7923	7923.5	1480788
1583898900	7923.5	7925	7921.5	7924.5	1572552
1583899200	7924.5	7938.5	7924	7934	6852529
1583899500	7934	7936.5	7929.5	7936.5	1402322
1583899800	7936.5	7945	7936.5	7942	3907918
1583900100	7942	7942.5	7924	7924	4508598
1583900400	7924	7924.5	7918	7918.5	2858972
1583900700	7918.5	7926	7915.5	7922	2616807
1583901000	7922	7924.5	7917.5	7917.5	602085
1583901300	7917.5	7919	7910.5	7916.5	2672097
1583901600	7916.5	7916.5	7908.5	7914.5	1043135
1583901900	7914.5	7917	7914.5	7916.5	722811
1583902200	7916.5	7917	7910	7910.5	1115993
1583902500	7910.5	7911.5	7896	7899	6130287
1583902800	7899	7899	7892	7894	5058152
1583903100	7894	7905	7890	7904.5	6388569
1583903400	7904.5	7910	7899	7906	2207322
1583903700	7906	7906	7884.5	7885	5160147
1583904000	7885	7894	7875	7893.5	7484839
1583904300	7893.5	7895	7887	7887	1816994
1583904600	7887	7900.5	7864.5	7875	14642197
1583904900	7875	7877	7865.5	7872	6405471
1583905200	7872	7875	7836	7849.5	15248950
1583905500	7849.5	7849.5	7827	7838.5	13637320
1583905800	7838.5	7852	7831.5	7839.5	10370738
1583906100	7839.5	7850	7835.5	7850	3847047
1583906400	7850	7864.5	7840	7864	8166871
1583906700	7864	7866	7857.5	7865	2529575
1583907000	7865	7869	7860.5	7865.5	3830523
1583907300	7865.5	7870	7857.5	7857.5	2994659
1583907600	7857.5	7859.5	7857.5	7857.5	1005112
1583907900	7857.5	7858	7849	7854.5	2058177
1583908200	7854.5	7879.5	7854	7876.5	7351587
1583908500	7876.5	7879	7870	7872	1962381
1583908800	7872	7873.5	7845	7845	6186664
1583909100	7845	7850	7839	7839.5	2804189
1583909400	7839.5	7848	7834.5	7835	3991473
1583909700	7835	7836.5	7826.5	7826.5	5967162
1583910000	7826.5	7852.5	7815	7852.5	14440367
1583910300	7852.5	7852.5	7836.5	7840	4074290
1583910600	7840	7840.5	7828	7836	6270212
1583910900	7836	7862	7835.5	7862	8056396
1583911200	7862	7870	7861.5	7862	4100634
1583911500	7862	7862.5	7853	7860	3095613
1583911800	7860	7867	7853.5	7866.5	2751632
1583912100	7866.5	7873	7866	7870	2797838
1583912400	7870	7875	7857	7857	10362620
1583912700	7857	7866	7854	7866	2406225
1583913000	7866	7869.5	7855	7855	2733312
1583913300	7855	7861	7855	7861	1862184
1583913600	7861	7921.5	7855	7911.5	27897782
1583913900	7911.5	7923.5	7907	7907	11770687
1583914200	7907	7912	7902.5	7903	8691152
1583914500	7903	7910	7902	7903.5	4231307
1583914800	7903.5	7904	7885.5	7885.5	5335934
1583915100	7885.5	7886	7805	7805	32976646
1583915400	7805	7820.5	7792	7803.5	42684647
1583915700	7803.5	7823	7796.5	7814.5	15269553
1583916000	7814.5	7837.5	7809.5	7830	11414028
1583916300	7830	7839	7826	7828	8348219
1583916600	7828	7832.5	7820.5	7832.5	2861693
1583916900	7832.5	7838	7828.5	7829	3723791
1583917200	7829	7840	7815.5	7839.5	6711141
1583917500	7839.5	7843	7837	7840	4000030
1583917800	7840	7840.5	7825	7829	3561552
1583918100	7829	7829.5	7813.5	7816	4093559
1583918400	7816	7816.5	7810	7812.5	4117630
1583918700	7812.5	7828	7812	7828	5136384
1583919000	7828	7846.5	7827.5	7846	7760579
1583919300	7846	7846.5	7823	7824	10354117
1583919600	7824	7834.5	7823.5	7830	2575607
1583919900	7830	7830.5	7822.5	7827	3023488
1583920200	7827	7837.5	7825.5	7835	2940337
1583920500	7835	7835.5	7820.5	7823.5	2471332
1583920800	7823.5	7823.5	7800.5	7806.5	14236068
1583921100	7806.5	7812	7793.5	7794	10754204
1583921400	7794	7794	7761	7765	33115738
1583921700	7765	7792.5	7764.5	7787	14776432
1583922000	7787	7798	7785.5	7796	4879551
1583922300	7796	7796	7773	7773.5	6269223
1583922600	7773.5	7794	7773	7794	3950152
1583922900	7794	7833	7794.5	7811	22145399
1583923200	7811	7811.5	7791.5	7795	9211096
1583923500	7795	7862.5	7779	7847	38920379
1583923800	7847	7850	7822	7843	19813810
1583924100	7843	7850	7826	7850	9891253
1583924400	7850	7850	7830	7830	5536427
1583924700	7830	7830.5	7815	7815.5	7687165
1583925000	7815.5	7831	7812	7816.5	6856954
1583925300	7816.5	7838	7816.5	7835.5	6165280
1583925600	7835.5	7845	7829.5	7838.5	10625466
1583925900	7838.5	7857.5	7837	7857.5	8905667
1583926200	7857.5	7869	7846	7846	7874281
1583926500	7846	7851	7845.5	7849	2259229
1583926800	7849	7863	7849	7863	4304761
1583927100	7863	7862.5	7824.5	7829	11901782
1583927400	7829	7837	7826.5	7831.5	4494247
1583927700	7831.5	7839.5	7826.5	7833	6712242
1583928000	7833	7854	7806.5	7818	22987920
1583928300	7818	7825	7817.5	7823	11743925
1583928600	7823	7849	7822.5	7848.5	7759386
1583928900	7848.5	7850.5	7838.5	7839.5	4455391
1583929200	7839.5	7855	7839	7849.5	3870498
1583929500	7849.5	7855.5	7842.5	7849	6006830
1583929800	7849	7852.5	7830.5	7841	6953495
1583930100	7841	7841.5	7831.5	7833.5	1900589
1583930400	7833.5	7834.5	7820.5	7824.5	8820335
1583930700	7824.5	7825	7818.5	7821.5	2672132
1583931000	7821.5	7862.5	7816	7862.5	15614311
1583931300	7862.5	7863	7848	7848.5	11247153
1583931600	7848.5	7883.5	7848	7871	21933777
1583931900	7871	7878	7869	7869.5	4953821
1583932200	7869.5	7882	7869.5	7881	5921372
1583932500	7881	7886.5	7870	7882	5644118
1583932800	7882	7897.5	7882.5	7883.5	8483689
1583933100	7883.5	7886	7877	7884.5	5145457
1583933400	7884.5	7889	7881.5	7886	3703487
1583933700	7886	7893.5	7879	7879	5569438
1583934000	7879	7879.5	7862	7864	8876930
1583934300	7864	7864.5	7837	7839.5	12214739
1583934600	7839.5	7847	7838.5	7847	3986136
1583934900	7847	7856.5	7841.5	7854	5827373
1583935200	7854	7854	7846	7848.5	2950629
1583935500	7848.5	7852	7839.5	7851.5	4439176
1583935800	7851.5	7858.5	7851.5	7858	2858827
1583936100	7858	7864	7852.5	7855	5688333
1583936400	7855	7855	7847	7847	3238118
1583936700	7847	7852	7840	7852	5984609
1583937000	7852	7852	7847.5	7848	2508181
1583937300	7848	7848	7819	7824	11316645
1583937600	7824	7833.5	7807.5	7808	8447790
1583937900	7808	7814	7781.5	7805.5	22543797
1583938200	7805.5	7816	7800	7816	7124053
1583938500	7816	7823	7793.5	7802.5	11787610
1583938800	7802.5	7818.5	7796	7816	14843182
1583939100	7816	7831	7807.5	7818.5	8347935
1583939400	7818.5	7824.5	7818	7818	4142518
1583939700	7818	7826	7804.5	7807	7203381
1583940000	7807	7807	7780.5	7784.5	14188469
1583940300	7784.5	7797.5	7784	7787.5	14843918
1583940600	7787.5	7808	7787	7805	9700949
1583940900	7805	7805.5	7761.5	7796.5	24233089
1583941200	7796.5	7798	7763	7768.5	13760577
1583941500	7768.5	7789	7741.5	7750.5	30806967
1583941800	7750.5	7781.5	7750	7777	9774384
1583942100	7777	7788.5	7764	7786.5	9262740
1583942400	7786.5	7829	7768.5	7798.5	35945419
1583942700	7798.5	7828.5	7798.5	7810.5	22231988
1583943000	7810.5	7811	7761	7763	19491334
1583943300	7763	7777	7753.5	7768.5	14117585
1583943600	7768.5	7777	7754.5	7758.5	9474009
1583943900	7758.5	7774	7757.5	7766	5478198
1583944200	7766	7797	7760	7795	14252675
1583944500	7795	7795	7775	7778	5838421
1583944800	7778	7792.5	7763.5	7767	6997465
1583945100	7767	7774.5	7761	7764	5150392
1583945400	7764	7782.5	7760.5	7777.5	5601634
1583945700	7777.5	7778	7761.5	7764	3683215
1583946000	7764	7767	7685	7712.5	65570805
1583946300	7712.5	7722.5	7700.5	7700.5	13974962
1583946600	7700.5	7701	7671	7677	26266259
1583946900	7677	7718	7672.5	7696.5	20692111
1583947200	7696.5	7709.5	7696	7705.5	10089967
1583947500	7705.5	7718	7705	7716.5	8766588
1583947800	7716.5	7717	7683.5	7683.5	9028036
1583948100	7683.5	7686	7667.5	7670.5	19289523
1583948400	7670.5	7713.5	7656.5	7667	32731268
1583948700	7667	7683.5	7661	7680	10131255
1583949000	7680	7680.5	7657	7657.5	8277498
1583949300	7657.5	7679.5	7657	7669	9322606
1583949600	7669	7669.5	7640	7642.5	21920517
1583949900	7642.5	7651.5	7625	7629.5	45899490
1583950200	7629.5	7636.5	7622	7622.5	11874178
1583950500	7622.5	7628	7593	7624.5	45460306
1583950800	7624.5	7651	7624	7633	30327520
1583951100	7633	7668	7630.5	7666.5	16265245
1583951400	7666.5	7755	7666.5	7742	46941427
1583951700	7742	7760.5	7724.5	7756	23889229
1583952000	7756	7756.5	7731	7736.5	13509858
1583952300	7736.5	7766	7736	7764	10464845
1583952600	7764	7788.5	7756.5	7779.5	22058111
1583952900	7779.5	7808.5	7779.5	7793	21306819
1583953200	7793	7817.5	7768	7772	23722026
1583953500	7772	7775	7761.5	7765	10714223
1583953800	7765	7782.5	7765	7777	11544525
1583954100	7777	7787.5	7777	7781	5567037
1583954400	7781	7781.5	7764	7765.5	10592934
1583954700	7765.5	7779	7765	7779	3471329
1583955000	7779	7797.5	7778.5	7796	6006027
1583955300	7796	7821	7794.5	7819.5	12378710
1583955600	7819.5	7847.5	7818.5	7845	15310434
1583955900	7845	7845.5	7824	7833	7987914
1583956200	7833	7833	7814	7832	4605666
1583956500	7832	7837	7825	7831	2942706
1583956800	7831	7874.5	7830.5	7870	22119686
1583957100	7870	7870.5	7855.5	7869	8667575
1583957400	7869	7869	7840	7840	8206763
1583957700	7840	7851.5	7838.5	7851.5	5688850
1583958000	7851.5	7866.5	7851	7865	4752610
1583958300	7865	7868.5	7829	7829	7242112
1583958600	7829	7831.5	7824.5	7830.5	7384141
1583958900	7830.5	7852.5	7830	7852	4335605
1583959200	7852	7852.5	7844.5	7844.5	2810949
1583959500	7844.5	7848.5	7839.5	7848	2395605
1583959800	7848	7850	7841.5	7844	1693358
1583960100	7844	7858	7844	7857.5	4967407
1583960400	7857.5	7870	7857	7862.5	6937264
1583960700	7862.5	7867	7862	7863	4765820
1583961000	7863	7869.5	7855	7855	5082199
1583961300	7855	7855.5	7840	7840	5144711
1583961600	7840	7845.5	7840	7845	2132740
1583961900	7845	7849	7845	7848.5	783742
1583962200	7848.5	7851	7842	7842	2816488
1583962500	7842	7842	7817	7822	7004726
1583962800	7822	7832	7822	7831.5	3077605
1583963100	7831.5	7842.5	7831.5	7842.5	2156338
1583963400	7842.5	7842.5	7818	7823.5	8331464
1583963700	7823.5	7824	7806	7806.5	5784631
1583964000	7806.5	7823	7806	7822.5	3056151
1583964300	7822.5	7825.5	7812	7816	3311032
1583964600	7816	7831.5	7810	7810	4677672
1583964900	7810	7840	7810	7840	4037821
1583965200	7840	7840	7826.5	7839	4222774
1583965500	7839	7845.5	7836	7836.5	3405687
1583965800	7836.5	7930	7836	7924	41480784
1583966100	7924	7979	7915.5	7962.5	46117093
1583966400	7962.5	7985	7947.5	7947.5	39275270
1583966700	7947.5	7968	7942	7953.5	12569669
1583967000	7953.5	7962.5	7942.5	7960.5	8093051
1583967300	7960.5	7985	7954.5	7955.5	18445226
1583967600	7955.5	7979.5	7955.5	7970	7877063
1583967900	7970	7970.5	7919	7929	18433409
1583968200	7929	7937.5	7921.5	7933	8634164
1583968500	7933	7933.5	7918.5	7931.5	12512095
1583968800	7931.5	7931.5	7922.5	7929.5	3943992
1583969100	7929.5	7952	7924.5	7940	7716904
1583969400	7940	7960	7936.5	7958	6599285
1583969700	7958	7961	7945.5	7946	8287285
1583970000	7946	7946	7924.5	7927.5	5470721
1583970300	7927.5	7935.5	7921.5	7929	3753169
1583970600	7929	7939	7929	7938.5	3155930
1583970900	7938.5	7939	7931	7939	2065533
1583971200	7939	7967	7938.5	7967	13614136
1583971500	7967	7967	7938.5	7939	10136407
1583971800	7939	7939	7928	7928.5	3268173
1583972100	7928.5	7950	7928	7939	5909888
1583972400	7939	7944.5	7938	7938.5	2164681
1583972700	7938.5	7948	7938	7948	3022389
1583973000	7948	7948	7929.5	7930	4427011
1583973300	7930	7930	7929.5	7929.5	2222310
1583973600	7929.5	7930	7908.5	7915.5	12088013
1583973900	7915.5	7922	7909.5	7921.5	5884381
1583974200	7921.5	7922	7914	7914.5	3031668
1583974500	7914.5	7930.5	7912.5	7926	8618836
1583974800	7926	7940	7908	7913	9430338
1583975100	7913	7913	7870	7877	42863149
1583975400	7877	7887	7867	7879.5	18304587
1583975700	7879.5	7884.5	7867.5	7868	6723511
1583976000	7868	7880	7867.5	7870	10117718
1583976300	7870	7878.5	7864	7864	8873976
1583976600	7864	7870.5	7818	7839	36696981
1583976900	7839	7839.5	7780.5	7804.5	25488331
1583977200	7804.5	7810	7798	7798.5	11651828
1583977500	7798.5	7805.5	7780.5	7805.5	16296484
1583977800	7805.5	7808	7765	7769	27858558
1583978100	7769	7775	7700	7716	57724995
1583978400	7716	7738.5	7715.5	7727	24195583
1583978700	7727	7743.5	7726.5	7726.5	12765115
1583979000	7726.5	7727	7646	7646.5	61254030
1583979300	7646.5	7693.5	7557	7680	102144041
1583979600	7680	7687	7646	7646.5	48112274
1583979900	7646.5	7667.5	7637	7666.5	18056609
1583980200	7666.5	7746.5	7656	7746.5	58459387
1583980500	7746.5	7754.5	7711	7734	23380051
1583980800	7734	7736	7718.5	7724	9346845
1583981100	7724	7724	7660	7686	31652447
1583981400	7686	7686	7663.5	7676	9383816
1583981700	7676	7676	7639	7639.5	16944356
1583982000	7639.5	7663.5	7592	7663	34975966
1583982300	7663	7681.5	7656.5	7677	14252087
1583982600	7677	7677	7631.5	7639.5	9080105
1583982900	7639.5	7674	7639.5	7662.5	9642983
1583983200	7662.5	7684	7656.5	7658.5	8935888
1583983500	7658.5	7670	7654.5	7659	8311811
1583983800	7659	7691.5	7658.5	7691.5	9702027
1583984100	7691.5	7695	7679	7687	6176583
1583984400	7687	7689.5	7655	7655	8067626
1583984700	7655	7658.5	7636.5	7640.5	9403078
1583985000	7640.5	7654	7640	7650	3196677
1583985300	7650	7665	7637	7658.5	6930345
1583985600	7658.5	7658.5	7615.5	7629	13933760
1583985900	7629	7640.5	7608	7622.5	12851868
1583986200	7622.5	7633.5	7576	7588	31099441
1583986500	7588	7624	7582	7586.5	26758464
1583986800	7586.5	7607.5	7566.5	7576	26370302
1583987100	7576	7591.5	7566	7572.5	12811099
1583987400	7572.5	7610	7561	7604.5	21476614
1583987700	7604.5	7625	7599	7606.5	12495366
1583988000	7606.5	7606.5	7586.5	7594.5	6773439
1583988300	7594.5	7626.5	7593.5	7624	11687556
1583988600	7624	7642	7616	7635.5	14782236
1583988900	7635.5	7639	7621	7621.5	4215584
1583989200	7621.5	7621.5	7600	7605.5	8091725
1583989500	7605.5	7632.5	7595.5	7627.5	9684034
1583989800	7627.5	7628	7619	7628	3105315
1583990100	7628	7638	7627.5	7635	3162498
1583990400	7635	7635	7607	7618	7190986
1583990700	7618	7618	7607	7618	2811770
1583991000	7618	7627	7617.5	7627	2620875
1583991300	7627	7634	7626.5	7629	4153491
1583991600	7629	7636	7623.5	7633.5	2530936
1583991900	7633.5	7649	7633	7643.5	7178134
1583992200	7643.5	7644	7623	7634	5902478
1583992500	7634	7642.5	7626.5	7642	2284631
1583992800	7642	7645	7623.5	7623.5	6580403
1583993100	7623.5	7624	7616	7616	3285239
1583993400	7616	7619.5	7616	7619.5	2497325
1583993700	7619.5	7619.5	7576	7589	17426637
1583994000	7589	7591.5	7577.5	7588.5	9164332
1583994300	7588.5	7589	7527	7546	36338086
1583994600	7546	7546.5	7488.5	7493	47813945
1583994900	7493	7526	7476	7521.5	38686020
1583995200	7521.5	7521.5	7495.5	7510	20586329
1583995500	7510	7510	7476	7482.5	20523740
1583995800	7482.5	7483	7460	7465	26068643
1583996100	7465	7505	7465	7498	17207202
1583996400	7498	7498.5	7440	7448.5	27577240
1583996700	7448.5	7458	7410	7426.5	40558077
1583997000	7426.5	7431.5	7360	7396	68983610
1583997300	7396	7450	7360	7385	63957445
1583997600	7385	7437.5	7384.5	7413.5	24017006
1583997900	7413.5	7415	7379	7395.5	17450335
1583998200	7395.5	7435	7388	7435	16857049
1583998500	7435	7435	7391.5	7400.5	15951974
1583998800	7400.5	7417	7380.5	7391.5	10496942
1583999100	7391.5	7392	7356	7356.5	23928989
1583999400	7356.5	7399.5	7356	7390.5	19239586
1583999700	7390.5	7395	7381	7383.5	6130182
1584000000	7383.5	7393	7367	7372	12951688
1584000300	7372	7372	7319.5	7330	40122343
1584000600	7330	7369	7330	7340	30183018
1584000900	7340	7389	7303.5	7366	50486111
1584001200	7366	7420.5	7366	7417.5	26363097
1584001500	7417.5	7417.5	7396.5	7414.5	12112960
1584001800	7414.5	7456.5	7411.5	7425	41410319
1584002100	7425	7430	7403	7410	15591774
1584002400	7410	7418	7400.5	7401	6461887
1584002700	7401	7405.5	7386.5	7391	16703661
1584003000	7391	7399.5	7391	7399	5223082
1584003300	7399	7406	7374	7377	15768527
1584003600	7377	7377.5	7365.5	7366	14481998
1584003900	7366	7387	7366	7385	9440996
1584004200	7385	7385.5	7360	7360	8845689
1584004500	7360	7370	7340.5	7347	13410955
1584004800	7347	7374.5	7345	7374.5	15097721
1584005100	7374.5	7375	7366.5	7375	3966695
1584005400	7375	7375	7366	7372	5311649
1584005700	7372	7372.5	7360.5	7360.5	3773193
1584006000	7360.5	7364.5	7344.5	7357	9577767
1584006300	7357	7382	7357	7364	8073450
1584006600	7364	7376.5	7358.5	7370.5	4871512
1584006900	7370.5	7370.5	7353.5	7353.5	5748843
1584007200	7353.5	7354	7339.5	7340	10223274
1584007500	7340	7364	7323	7340	15415386
1584007800	7340	7347	7277	7291	46775802
1584008100	7291	7295	7240	7248.5	60055938
1584008400	7248.5	7271.5	7222	7222	50728987
1584008700	7222	7249.5	7164.5	7203.5	111556887
1584009000	7203.5	7204	6981	7070	189576194
1584009300	7070	7079	6600	6670	288714302
1584009600	6670	6700	6168	6176	265422768
1584009900	6176	6221.5	5600	6059	158509669
1584010200	6059	6620	6029	6581	168586823
1584010500	6581	6581	6100.5	6110.5	158784896
1584010800	6110.5	6167	5699	6140	163984683
1584011100	6140	6300	6050	6152	140741197
1584011400	6152	6315.5	5995	6132	113637914
1584011700	6132	6350	6099	6326	119301563
1584012000	6326	6331.5	6111.5	6139	105794147
1584012300	6139	6200	6001	6096.5	101414468
1584012600	6096.5	6186	6074	6122.5	71984571
1584012900	6122.5	6149	6000	6046	102130738
1584013200	6046	6046.5	5700	5720	141128028
1584013500	5720	5980.5	5705.5	5807	135970412
1584013800	5807	5999	5770	5866.5	131427343
1584014100	5866.5	6020	5794.5	5987	110838448
1584014400	5987	6073.5	5930	5956	86245044
1584014700	5956	5999	5899.5	5956	88898959
1584015000	5956	6102	5950	6099.5	80579804
1584015300	6099.5	6225	6062	6199.5	92382465
1584015600	6199.5	6233	6130	6147	78225639
1584015900	6147	6149	5960	5994.5	112005856
1584016200	5994.5	6057	5963.5	6013	80894337
1584016500	6013	6027	5855.5	5856	86645207
1584016800	5856	5935	5766	5800	100855349
1584017100	5800	5826	5625	5733.5	98800850
1584017400	5733.5	5839	5670	5751	100731893
1584017700	5751	5936.5	5705.5	5858	78807056
1584018000	5858	5940.5	5858	5915	27194879
1584018300	5915	5935	5866.5	5891.5	36530433
1584018600	5891.5	5947	5865	5931.5	32396319
1584018900	5931.5	5975	5904	5910.5	44844373
1584019200	5910.5	5944.5	5859	5884.5	34748785
1584019500	5884.5	5959	5881	5917	23463444
1584019800	5917	5916.5	5819.5	5839.5	32088885
1584020100	5839.5	5850	5766	5804	46813838
1584020400	5804	5810	5755	5771	29819035
1584020700	5771	5918	5686.5	5826	66171955
1584021000	5826	5895	5800	5819.5	42159279
1584021300	5819.5	5950	5819	5947	33558319
1584021600	5947	5955	5872	5906.5	34453463
1584021900	5906.5	5932.5	5860	5896.5	26163381
1584022200	5896.5	5930	5891	5916.5	16350200
1584022500	5916.5	6030	5914	5961.5	48629007
1584022800	5961.5	6005.5	5950	5989	21971748
1584023100	5989	5990	5930.5	5980.5	23380484
1584023400	5980.5	6078	5972.5	6045	35471162
1584023700	6045	6138	6035.5	6093.5	46172512
1584024000	6093.5	6139.5	6070	6070.5	29678772
1584024300	6070.5	6106	6002	6099.5	37019424
1584024600	6099.5	6124.5	6044.5	6069.5	25662713
1584024900	6069.5	6095	6027.5	6074.5	21758438
1584025200	6074.5	6074.5	6010	6018.5	17564376
1584025500	6018.5	6056.5	6013	6041.5	16343589
1584025800	6041.5	6048.5	6025.5	6041	15774462
1584026100	6041	6085.5	6029	6063	16410079
1584026400	6063	6095.5	6062.5	6095.5	12219900
1584026700	6095.5	6095.5	6041.5	6047	17254455
1584027000	6047	6075.5	6045	6055	11245244
1584027300	6055	6084.5	6052.5	6081	11374186
1584027600	6081	6136.5	6065	6136.5	20485532
1584027900	6136.5	6142	6096.5	6118	23380968
1584028200	6118	6121.5	6082.5	6105.5	17853826
1584028500	6105.5	6122.5	6081.5	6122.5	14655700
1584028800	6122.5	6165	6100	6109	27941377
1584029100	6109	6109.5	6050	6050	25645845
1584029400	6050	6053.5	6005	6034	39747144
1584029700	6034	6071	6023	6047.5	17565485
1584030000	6047.5	6069.5	6042	6067.5	11797489
1584030300	6067.5	6069.5	6028	6036	13956467
1584030600	6036	6040	6019.5	6020	7982194
1584030900	6020	6050	6019.5	6048	6864638
1584031200	6048	6050	6033	6035.5	5652975
1584031500	6035.5	6040	5940.5	5964.5	28551519
1584031800	5964.5	6038.5	5964	6032	24756581
1584032100	6032	6086	6018.5	6086	19718897
1584032400	6086	6148	6066.5	6144	33608559
1584032700	6144	6235	6095	6187	64030639
1584033000	6187	6186.5	6100	6113	32379668
1584033300	6113	6147	6112.5	6147	14751390
1584033600	6147	6180	6135	6144.5	22867009
1584033900	6144.5	6170	6121.5	6149.5	14900479
1584034200	6149.5	6173.5	6131.5	6154.5	15081327
1584034500	6154.5	6155.5	6093.5	6097.5	16549079
1584034800	6097.5	6100	6071.5	6083	13286808
1584035100	6083	6117	6083.5	6110.5	9549039
1584035400	6110.5	6137.5	6101.5	6105.5	10302701
1584035700	6105.5	6118.5	6083	6112.5	8092894
1584036000	6112.5	6124.5	6094	6118	5590621
1584036300	6118	6148	6118	6132	11660896
1584036600	6132	6132.5	6104	6132	4666369
1584036900	6132	6132.5	6116	6116.5	5395695
1584037200	6116.5	6125	6100	6113	8335153
1584037500	6113	6133.5	6101	6133.5	8158380
1584037800	6133.5	6133.5	6063	6063.5	15896648
1584038100	6063.5	6085	6061.5	6073	11297839
1584038400	6073	6073.5	6005.5	6034.5	26686389
1584038700	6034.5	6066	6011.5	6058	15475759
1584039000	6058	6079	6035	6035.5	11681432
1584039300	6035.5	6055.5	5982	5995	14815050
1584039600	5995	6039	5991	6020	12572967
1584039900	6020	6045	5989	6040	14883623
1584040200	6040	6066	6030	6051	14381470
1584040500	6051	6067	6035.5	6065	12706522
1584040800	6065	6083.5	6045.5	6057	9582171
1584041100	6057	6084.5	6056.5	6066	8921751
1584041400	6066	6095.5	6062.5	6071	10281585
1584041700	6071	6087	6054.5	6055	7271300
1584042000	6055	6095	6048	6052	9398298
1584042300	6052	6065	6038	6051.5	6223390
1584042600	6051.5	6096	6051	6080	15136927
1584042900	6080	6080	6005.5	6045.5	17088596
1584043200	6045.5	6057.5	5992.5	6009	24927341
1584043500	6009	6030.5	6004.5	6006	6362817
1584043800	6006	6025.5	5988	5999	7155442
1584044100	5999	6001.5	5890	5893.5	40245482
1584044400	5893.5	5927.5	5888	5888	18100785
1584044700	5888	5890.5	5827.5	5835	31382974
1584045000	5835	5940	5833	5863	34627720
1584045300	5863	5900	5835.5	5879	20372923
1584045600	5879	5879	5822.5	5831.5	17962320
1584045900	5831.5	5831	5733.5	5738.5	48097646
1584046200	5738.5	5748.5	5560	5675	70686738
1584046500	5675	5797	5622	5714	48084027
1584046800	5714	5792.5	5655	5685.5	40602159
1584047100	5685.5	5767.5	5655	5739.5	24040815
1584047400	5739.5	5759	5672.5	5677.5	13332171
1584047700	5677.5	5715	5652	5652.5	14727173
1584048000	5652.5	5667	5560.5	5603.5	21779172
1584048300	5603.5	5662.5	5555.5	5589.5	33705891
1584048600	5589.5	5651	5589	5645	13421686
1584048900	5645	5720.5	5562.5	5601	36154542
1584049200	5601	5632	5576	5600	12446016
1584049500	5600	5680	5578	5679.5	21972903
1584049800	5679.5	5710.5	5621	5690.5	22437430
1584050100	5690.5	5878.5	5680	5803	67529525
1584050400	5803	5822	5734.5	5808.5	49796890
1584050700	5808.5	5885	5788	5867.5	48837520
1584051000	5867.5	5919	5853	5877	32652071
1584051300	5877	5880	5814	5835	25076672
1584051600	5835	5919	5834.5	5914	33437505
1584051900	5914	5929.5	5770	5810	55095653
1584052200	5810	5850.5	5776	5822.5	25312057
1584052500	5822.5	5824	5783	5823.5	20717347
1584052800	5823.5	5840.5	5782	5803.5	20333528
1584053100	5803.5	5830	5734	5734	25183556
1584053400	5734	5761.5	5724	5761.5	22949495
1584053700	5761.5	5827	5750.5	5805.5	35356030
1584054000	5805.5	5810	5681.5	5712.5	33642777
1584054300	5712.5	5749.5	5612.5	5630	44902566
1584054600	5630	5644	5430	5511.5	107113199
1584054900	5511.5	5626.5	5475	5501	51631752
1584055200	5501	5566	5100	5114	89663453
1584055500	5114	5159	4556	4965	132374851
1584055800	4965	5100	4600	4724.5	77134394
1584056100	4724.5	4800	4545	4612.5	69296401
1584056400	4612.5	4713.5	4592.5	4624	57430971
1584056700	4624	4630	4266	4415	72322506
1584057000	4415	4770	4322	4448.5	73467198
1584057300	4448.5	4622	4342.5	4346	61126542
1584057600	4346	4650	4310	4461.5	68750686
1584057900	4461.5	4530	4340	4416.5	34897773
1584058200	4416.5	4557	4324	4512.5	37361373
1584058500	4512.5	4670.5	4464.5	4590	44696258
1584058800	4590	4614.5	4491	4518	25907336
1584059100	4518	4600	4515	4582	22781292
1584059400	4582	4720	4581.5	4710	31338516
1584059700	4710	4730.5	4633.5	4681.5	24855474
1584060000	4681.5	4695.5	4514	4520.5	24348916
1584060300	4520.5	4521	4330	4383.5	49281685
1584060600	4383.5	4489	4363.5	4489	28101355
1584060900	4489	4535.5	4431	4502.5	27357708
1584061200	4502.5	4578	4490.5	4578	28869326
1584061500	4578	4590	4525	4540.5	22029803
1584061800	4540.5	4550	4481.5	4489.5	12610939
1584062100	4489.5	4567	4446	4478.5	23207829
1584062400	4478.5	4480	4377	4399	15849863
1584062700	4399	4500	4398.5	4496	14092018
1584063000	4496	4562	4451	4494.5	20804446
1584063300	4494.5	4505.5	4463	4486	7896891
1584063600	4486	4539	4413	4424	21099709
1584063900	4424	4430	4340.5	4374.5	26410138
1584064200	4374.5	4399	4117	4141.5	41931495
1584064500	4141.5	4188.5	3900	3978	72678467
1584064800	3978	4127	3811.5	4076.5	56483180
1584065100	4076.5	4080	3850	3887	34800577
1584065400	3887	3972	3669	3670.5	47806623
1584065700	3670.5	3715.5	3596	3614.5	9917178
1584066000	3614.5	3614.5	3614.5	3614.5	11000
1584066300	3614.5	3614.5	3610	3614.5	396756
1584066600	3614.5	4322	3606	3650	7550345
1584066900	3650	4838.5	3625.5	4814.5	10931028
1584067200	4814.5	4949	4244.5	4914	7483525
1584067500	4914	5048.5	4333	4854.5	44728236
1584067800	4854.5	4855	4431.5	4607.5	48697143
1584068100	4607.5	4608	4438.5	4480.5	15600262
1584068400	4480.5	4808	4480	4698	30501694
1584068700	4698	4828	4676.5	4753	27492506
1584069000	4753	4975.5	4668	4761	53598572
1584069300	4761	5038.5	4748	4984.5	55442779
1584069600	4984.5	5038.5	4951	4998	54119183
1584069900	4998	5180	4995	5071	65360665
1584070200	5071	5157	5055	5100.5	51354119
1584070500	5100.5	5138.5	5091	5138.5	37271971
1584070800	5138.5	5157	4780	4839.5	60064946
1584071100	4839.5	4843.5	4680	4709	30699757
1584071400	4709	4776	4606.5	4775	53573591
1584071700	4775	4791	4732	4790	57472642
1584072000	4790	4832	4565	4694	62414767
1584072300	4694	4786	4650	4660	39310236
1584072600	4660	4749	4600	4650	41631566
1584072900	4650	4697	4612	4663	36665361
1584073200	4663	4750	4645	4728.5	40308921
1584073500	4728.5	4748	4623	4623.5	45833945
1584073800	4623.5	4736	4615	4651	59689680
1584074100	4651	4661	4501	4524	53359940
1584074400	4524	4578	4442.5	4451	65645601
1584074700	4451	4533	4411	4465	56552860
1584075000	4465	4533	4430	4457.5	47252112
1584075300	4457.5	4457.5	4180	4310.5	58409402
1584075600	4310.5	4564	4323	4538	52044863
1584075900	4538	4686	4525	4668.5	62015500
1584076200	4668.5	4700	4556	4596	79299894
1584076500	4596	4719	4535	4719	42639316
1584076800	4719	4815	4680	4737	43257567
1584077100	4737	4913	4725	4880	37909044
1584077400	4880	4890.5	4716	4750	32738013
1584077700	4750	4849.5	4750	4839.5	26489700
1584078000	4839.5	4882	4825	4882	21217959
1584078300	4882	4882	4811	4823	19542644
1584078600	4823	4841.5	4811	4812	13992611
1584078900	4812	4820	4700	4736	22807504
1584079200	4736	4740	4660	4702	14155249
1584079500	4702	4770	4706	4766	14442203
1584079800	4766	4845	4745.5	4841	20387138
1584080100	4841	4870	4818	4854	18943125
1584080400	4854	4899	4845.5	4874.5	19583963
1584080700	4874.5	4908	4855	4893	16517057
1584081000	4893	4981.5	4892.5	4912	31645545
1584081300	4912	4967.5	4850	4921	27517168
1584081600	4921	4970	4915	4955	15972133
1584081900	4955	4960	4905	4926	18269191
1584082200	4926	4995.5	4920	4988	20952453
1584082500	4988	5174.5	4950	5117.5	41550083
1584082800	5117.5	5142	5020	5027	25663361
1584083100	5027	5040	4905	4960.5	23736709
1584083400	4960.5	5030	4933.5	5020	12673013
1584083700	5020	5052.5	5002.5	5052.5	13843927
1584084000	5052.5	5059.5	5016	5032	11600909
1584084300	5032	5064.5	5025	5053	10990730
1584084600	5053	5053	4971	5044	23508650
1584084900	5044	5044	4950	5010	10391172
1584085200	5010	5046	5009.5	5042.5	10535617
1584085500	5042.5	5060	5015	5054.5	13960889
1584085800	5054.5	5239	5057	5196	42243122
1584086100	5196	5270	5156	5250	32975366
1584086400	5250	5416.5	5234.5	5414	58972935
1584086700	5414	5469	5352	5369	52818496
1584087000	5369	5382	5045	5172	63976258
1584087300	5172	5295.5	5167.5	5255.5	31470245
1584087600	5255.5	5318	5250.5	5310	20187451
1584087900	5310	5313.5	5252	5278	24559619
1584088200	5278	5290	5001	5110	37513933
1584088500	5110	5158	4987.5	5097	48295067
1584088800	5097	5146	5097	5112	20595128
1584089100	5112	5113	5050.5	5089.5	9834885
1584089400	5089.5	5182	5089	5143.5	22528057
1584089700	5143.5	5179	5101.5	5146	17554101
1584090000	5146	5245	5134	5230.5	29549779
1584090300	5230.5	5269	5205	5236	18524360
1584090600	5236	5320	5209.5	5313.5	30558697
1584090900	5313.5	5335	5260	5267.5	29061232
1584091200	5267.5	5301	5215.5	5301	23769798
1584091500	5301	5311.5	5260	5280.5	17174175
1584091800	5280.5	5363	5278.5	5361.5	27848172
1584092100	5361.5	5449.5	5305	5449	36483297
1584092400	5449	5496	5404	5470	49678035
1584092700	5470	5524	5424.5	5513.5	36715373
1584093000	5513.5	5610	5501	5600	67447949
1584093300	5600	5642.5	5564	5564	51599539
1584093600	5564	5627	5532	5606.5	29881336
1584093900	5606.5	5619.5	5500	5520	25832486
1584094200	5520	5550	5443.5	5468	29427667
1584094500	5468	5522	5351	5510	55938025
1584094800	5510	5585	5509	5572.5	44092025
1584095100	5572.5	5575	5492	5535.5	22699545
1584095400	5535.5	5600	5532	5600	25248344
1584095700	5600	5619.5	5512	5527.5	33850885
1584096000	5527.5	5547	5416.5	5435	25055166
1584096300	5435	5527	5416.5	5512.5	22992660
1584096600	5512.5	5530	5484	5484	9153442
1584096900	5484	5548	5480	5530	14335439
1584097200	5530	5544	5162	5226	76677330
1584097500	5226	5305	5111	5225	93003926
1584097800	5225	5324	5200	5324	37831818
1584098100	5324	5360	5303.5	5340	29122097
1584098400	5340	5363	5310	5330.5	18792239
1584098700	5330.5	5379.5	5324.5	5364	20290597
1584099000	5364	5489	5363.5	5468	41821521
1584099300	5468	5528	5455	5505.5	45218206
1584099600	5505.5	5535	5454	5484	26749101
1584099900	5484	5527	5478	5503.5	17846221
1584100200	5503.5	5504	5433	5443.5	16698024
1584100500	5443.5	5444	5165	5166	16646788
1584100800	5166	5165	5165	5165	1101
1584101100	5165	5181	5181	5181	5000
1584101400	5181	5280	5165	5252	105893
1584101700	5252	5280	5252	5280	1600
1584102000	5280	5522.5	5251	5500.5	46579789
1584102300	5500.5	5543	5474	5543	37178437
1584102600	5543	5550	5502.5	5528	28797907
1584102900	5528	5596.5	5523.5	5579.5	31943339
1584103200	5579.5	5675	5530	5574.5	54557903
1584103500	5574.5	5610	5509.5	5567.5	24336782
1584103800	5567.5	5585	5300	5436	62517843
1584104100	5436	5499	5427	5485	34222859
1584104400	5485	5517	5430.5	5448.5	31289486
1584104700	5448.5	5477.5	5420	5469	17035569
1584105000	5469	5527.5	5468	5523.5	22038925
1584105300	5523.5	5600	5520.5	5594	25055874
1584105600	5594	5604	5563.5	5571.5	21710211
1584105900	5571.5	5694.5	5571.5	5671	39001063
1584106200	5671	5873.5	5605.5	5847.5	88817476
1584106500	5847.5	5870	5760	5789	51999881
1584106800	5789	5789	5500	5639	90865000
1584107100	5639	5729.5	5630	5686.5	38317478
1584107400	5686.5	5716.5	5620	5640	23834238
1584107700	5640	5660	5421	5568.5	55698811
1584108000	5568.5	5650	5566.5	5639.5	32699236
1584108300	5639.5	5645	5574	5627	29506594
1584108600	5627	5682.5	5598	5682.5	28671995
1584108900	5682.5	5789.5	5668	5773.5	38234940
1584109200	5773.5	5806.5	5733	5753	33042974
1584109500	5753	5758	5688.5	5708.5	24083198
1584109800	5708.5	5715	5573.5	5688	45395171
1584110100	5688	5757	5671.5	5706	23360770
1584110400	5706	5713.5	5611.5	5672	27966037
1584110700	5672	5672	5490	5578	55696341
1584111000	5578	5618	5386.5	5454.5	55893861
1584111300	5454.5	5470	5221.5	5368.5	106380691
1584111600	5368.5	5399.5	5056	5075.5	95038043
1584111900	5075.5	5316	5075	5301	59072765
1584112200	5301	5324.5	5245.5	5285.5	28312219
1584112500	5285.5	5286.5	5215	5268	20080027
1584112800	5268	5339.5	5250	5280.5	33755277
1584113100	5280.5	5299	5114.5	5207.5	48711940
1584113400	5207.5	5212.5	4932	5021.5	90727967
1584113700	5021.5	5149	5020.5	5090	39551909
1584114000	5090	5120	4895.5	4904	57424487
1584114300	4904	5019.5	4860	4986.5	44436206
1584114600	4986.5	5170	4962	5162	34708398
1584114900	5162	5234	5121.5	5157	43750637
1584115200	5157	5191.5	4967.5	5064.5	49380020
1584115500	5064.5	5121.5	5033	5112.5	17742435
1584115800	5112.5	5170	5100	5119	15430166
1584116100	5119	5222	5110	5222	18879115
1584116400	5222	5236.5	5140.5	5162	18408574
1584116700	5162	5203	5123	5174.5	13816719
1584117000	5174.5	5310	5165	5303	25224773
1584117300	5303	5321.5	5261.5	5277	17273731
1584117600	5277	5350.5	5270	5350.5	20752943
1584117900	5350.5	5350.5	5180	5216	38022938
1584118200	5216	5255.5	5062	5143.5	38640312
1584118500	5143.5	5175	5129	5150.5	13556570
1584118800	5150.5	5154	5065	5107.5	16515804
1584119100	5107.5	5169	5107	5155	12630054
1584119400	5155	5155	5085	5118	10161762
1584119700	5118	5136.5	5090	5106	7620462
1584120000	5106	5199	5105	5172	18274195
1584120300	5172	5232	5136	5189	17143011
1584120600	5189	5282	5189	5243	17737092
1584120900	5243	5243	5171	5174	13705366
1584121200	5174	5221	5160.5	5160.5	14886245
1584121500	5160.5	5161	5064	5129.5	21907050
1584121800	5129.5	5166	5095	5155	8968395
1584122100	5155	5160	5109	5151	7249923
1584122400	5151	5151	5092	5110.5	8072248
1584122700	5110.5	5111	4916	4944	48027740
1584123000	4944	5082	4933.5	5046.5	21706629
1584123300	5046.5	5066.5	4985	5002	10306716
1584123600	5002	5058	4991	5034	14550394
1584123900	5034	5060	5015	5048.5	10257247
